学部,学科,研究室名,所属教員,号館・部屋,公式HP,備考
Ⅰ類（情報系）,メディア情報学プログラム,江木 啓訓 研究室,江木 啓訓,西3号館315,https://egi.inf.uec.ac.jp/,専攻: 情報学専攻 ｜ ラボガイド番号: Ⅰ類-01 ｜ ラボガイド更新: 2025-07-03 ｜ VideoUEC: https://www.youtube.com/shorts/A5YpiZBfvH4 ｜ 出典: https://www.uec.ac.jp/arc/laboguide.html （https://www.uec.ac.jp/arc/assets/labs.json を2026-09-10取得） ｜ 居室出典: 研究室HP https://egi.inf.uec.ac.jp/contact/index.html
Ⅰ類（情報系）,メディア情報学プログラム,大河原 一憲 研究室,大河原 一憲,東1号館409,http://www.ohkawara.lab.uec.ac.jp/,専攻: 情報学専攻 ｜ ラボガイド番号: Ⅰ類-02 ｜ ラボガイド更新: 2025-07-03 ｜ 出張講義: Ⅰ類-1／https://docs.google.com/spreadsheets/d/1uJxsIAV9MO5RpW4ZK4avdf7bVvsVnyvn/edit?gid=905872286#gid=905872286&range=A4 ｜ 出典: https://www.uec.ac.jp/arc/laboguide.html （https://www.uec.ac.jp/arc/assets/labs.json を2026-09-10取得） ｜ 居室出典: 2026年度シラバス https://kyoumu.office.uec.ac.jp/syllabus/2026/31/31_21014201.html
Ⅰ類（情報系）,メディア情報学プログラム,清 雄一 研究室,清 雄一,西10号館729,http://www.sei.lab.uec.ac.jp,専攻: 情報学専攻｜機械知能システム学専攻 ｜ ラボガイド番号: Ⅰ類-03(Ⅱ類-63) ｜ ラボガイド更新: 2025-10-15 ｜ 出典: https://www.uec.ac.jp/arc/laboguide.html （https://www.uec.ac.jp/arc/assets/labs.json を2026-09-10取得） ｜ 居室出典: 2026年度シラバス https://kyoumu.office.uec.ac.jp/syllabus/2026/31/31_21124240.html
Ⅰ類（情報系）,メディア情報学プログラム,織田 健 研究室,織田 健,東3号館819,http://www.tolab.inf.uec.ac.jp/,専攻: 情報学専攻 ｜ ラボガイド番号: Ⅰ類-04 ｜ ラボガイド更新: 2025-07-03 ｜ 出典: https://www.uec.ac.jp/arc/laboguide.html （https://www.uec.ac.jp/arc/assets/labs.json を2026-09-10取得） ｜ 居室出典: 研究室HP https://www.tolab.inf.uec.ac.jp/
Ⅰ類（情報系）,メディア情報学プログラム,柏原 昭博 研究室,柏原 昭博,西3号館301,https://wlgate.inf.uec.ac.jp/,専攻: 情報学専攻 ｜ ラボガイド番号: Ⅰ類-05 ｜ ラボガイド更新: 2025-07-03 ｜ 夢ナビ: https://douga.yumenavi.info/Lecture/PublishDetail/2019244330?back= ｜ VideoUEC: https://www.youtube.com/watch?v=6ONLu_h60_g／https://www.youtube.com/shorts/zK8hHr2lqpU ｜ 出典: https://www.uec.ac.jp/arc/laboguide.html （https://www.uec.ac.jp/arc/assets/labs.json を2026-09-10取得） ｜ 居室出典: 2026年度シラバス https://kyoumu.office.uec.ac.jp/syllabus/2026/31/31_21124102.html
Ⅰ類（情報系）,メディア情報学プログラム,梶本 裕之 研究室,梶本 裕之,西3号館406,https://kaji-lab.jp/,専攻: 情報学専攻 ｜ ラボガイド番号: Ⅰ類-06 ｜ ラボガイド更新: 2025-07-03 ｜ 出張講義: https://docs.google.com/spreadsheets/d/1uJxsIAV9MO5RpW4ZK4avdf7bVvsVnyvn/edit?gid=905872286#gid=905872286&range=A5 ｜ 夢ナビ: https://yumenavi.info/vue/lecture.html?University=V&SearchMod=4&SerKbn=3&ProId=WNF026&Page=1&GNKCD=g005656&KeyWord=%E9%9B%BB%E6%B0%97%E9%80%9A%E4%BF%A1%E5%A4%A7%E5%AD%A6&back=&CLGAKOCD=033840&mxorder=&gakubunm=&gakkanm=&From=portal ｜ VideoUEC: https://www.youtube.com/watch?v=9ImuHstd8pw／https://www.youtube.com/watch?v=gSjk116Iweg／https://www.youtube.com/shorts/wzrb6pxzafc ｜ 出典: https://www.uec.ac.jp/arc/laboguide.html （https://www.uec.ac.jp/arc/assets/labs.json を2026-09-10取得） ｜ 居室出典: 2026年度シラバス https://kyoumu.office.uec.ac.jp/syllabus/2026/31/31_21124107.html
Ⅰ類（情報系）,メディア情報学プログラム,木村 航平 研究室,木村 航平,東2号館607,http://www.robo.lab.uec.ac.jp/,専攻: 情報学専攻｜機械知能システム学専攻 ｜ ラボガイド番号: Ⅰ類-07(Ⅱ類-72) ｜ ラボガイド更新: 2025-07-03 ｜ 出典: https://www.uec.ac.jp/arc/laboguide.html （https://www.uec.ac.jp/arc/assets/labs.json を2026-09-10取得） ｜ 居室出典: 2026年度シラバス https://kyoumu.office.uec.ac.jp/syllabus/2026/31/31_21124213.html
Ⅰ類（情報系）,メディア情報学プログラム,工藤 俊亮 研究室,工藤 俊亮,東2号館605,http://www.robo.lab.uec.ac.jp/,専攻: 情報学専攻｜機械知能システム学専攻 ｜ ラボガイド番号: Ⅰ類-08(Ⅱ類-73) ｜ ラボガイド更新: 2025-07-03 ｜ 出典: https://www.uec.ac.jp/arc/laboguide.html （https://www.uec.ac.jp/arc/assets/labs.json を2026-09-10取得） ｜ 居室出典: 2026年度シラバス https://kyoumu.office.uec.ac.jp/syllabus/2026/33/33_25023209.html
Ⅰ類（情報系）,メディア情報学プログラム,小泉 直也 研究室,小泉 直也,西3号館506,https://www.media.lab.uec.ac.jp/,専攻: 情報学専攻 ｜ ラボガイド番号: Ⅰ類-09 ｜ ラボガイド更新: 2025-07-03 ｜ 出張講義: Ⅰ類-2／https://docs.google.com/spreadsheets/d/1uJxsIAV9MO5RpW4ZK4avdf7bVvsVnyvn/edit?gid=905872286#gid=905872286&range=A6 ｜ VideoUEC: https://ipsj-one.org/2023/videos/ipsjone2023_each_talk_light/speaker14_koizumi_light.mp4／https://www.youtube.com/channel/UCWZmSka6pSaQKZR87EACqPw ｜ 追加URL: https://sites.google.com/gl.cc.uec.ac.jp/uecvr/home ｜ 出典: https://www.uec.ac.jp/arc/laboguide.html （https://www.uec.ac.jp/arc/assets/labs.json を2026-09-10取得） ｜ 居室出典: 研究室HP https://www.media.lab.uec.ac.jp/?page_id=33
Ⅰ類（情報系）,メディア情報学プログラム,児玉 幸子 研究室,児玉 幸子,西6号館411,http://www.kodamalab.hc.uec.ac.jp/,専攻: 情報学専攻 ｜ ラボガイド番号: Ⅰ類-10 ｜ ラボガイド更新: 2025-07-03 ｜ VideoUEC: https://www.youtube.com/watch?v=GEeubZ0pMp4 ｜ 出典: https://www.uec.ac.jp/arc/laboguide.html （https://www.uec.ac.jp/arc/assets/labs.json を2026-09-10取得） ｜ 居室出典: 研究室HP https://www.kodamalab.hc.uec.ac.jp/contact.html
Ⅰ類（情報系）,メディア情報学プログラム,坂本 真樹 研究室,坂本 真樹,西6号館511,http://www.sakamoto-lab.hc.uec.ac.jp/,専攻: 情報学専攻 ｜ ラボガイド番号: Ⅰ類-12 ｜ ラボガイド更新: 2025-07-03 ｜ 出張講義: https://docs.google.com/spreadsheets/d/1uJxsIAV9MO5RpW4ZK4avdf7bVvsVnyvn/edit?gid=905872286#gid=905872286&range=A7 ｜ 夢ナビ: https://douga.yumenavi.info/Lecture/PublishDetail/4107700000?back= ｜ VideoUEC: https://www.youtube.com/channel/UCq5f7id9SbIL__LgL57HbdQ ｜ 出典: https://www.uec.ac.jp/arc/laboguide.html （https://www.uec.ac.jp/arc/assets/labs.json を2026-09-10取得） ｜ 居室出典: 研究室HP https://www.sakamoto-lab.hc.uec.ac.jp/about/
Ⅰ類（情報系）,メディア情報学プログラム,松倉 悠 研究室,松倉 悠,西6号館405,https://www.oil.lab.uec.ac.jp,専攻: 情報学専攻 ｜ ラボガイド番号: Ⅰ類-12 ｜ ラボガイド更新: 2026-05-22 ｜ 出典: https://www.uec.ac.jp/arc/laboguide.html （https://www.uec.ac.jp/arc/assets/labs.json を2026-09-10取得） ｜ 居室出典: 研究室HP https://www.oil.lab.uec.ac.jp
Ⅰ類（情報系）,メディア情報学プログラム,佐藤 光哉 研究室,佐藤 光哉,西9号館801,https://www.ksatolab.aix.uec.ac.jp/,専攻: 情報学専攻 ｜ ラボガイド番号: Ⅰ類-13 ｜ ラボガイド更新: 2025-07-03 ｜ 出典: https://www.uec.ac.jp/arc/laboguide.html （https://www.uec.ac.jp/arc/assets/labs.json を2026-09-10取得） ｜ 居室出典: 2026年度シラバス https://kyoumu.office.uec.ac.jp/syllabus/2026/32/32_22018102.html
Ⅰ類（情報系）,メディア情報学プログラム,佐藤 寛之 研究室,佐藤 寛之,西6号館205,https://nic.lab.uec.ac.jp/,専攻: 情報学専攻 ｜ ラボガイド番号: Ⅰ類-14 ｜ ラボガイド更新: 2025-07-14 ｜ 出典: https://www.uec.ac.jp/arc/laboguide.html （https://www.uec.ac.jp/arc/assets/labs.json を2026-09-10取得） ｜ 居室出典: 2026年度シラバス https://kyoumu.office.uec.ac.jp/syllabus/2026/31/31_21017209.html
Ⅰ類（情報系）,メディア情報学プログラム,庄野 逸 研究室,庄野 逸,西3号館308,http://daemon.inf.uec.ac.jp,専攻: 情報学専攻 ｜ ラボガイド番号: Ⅰ類-15(Ⅰ類-88) ｜ ラボガイド更新: 2025-07-03 ｜ 出張講義: Ⅰ類-4／https://docs.google.com/spreadsheets/d/1uJxsIAV9MO5RpW4ZK4avdf7bVvsVnyvn/edit?gid=905872286#gid=905872286&range=A8 ｜ 夢ナビ: https://douga.yumenavi.info/Lecture/PublishDetail/2017276540?back= ｜ VideoUEC: https://www.youtube.com/watch?v=gp03Rn2iAiM／https://www.youtube.com/watch?v=5GOAP60PDiM／https://www.youtube.com/watch?v=_AWRwMB2pJA ｜ 出典: https://www.uec.ac.jp/arc/laboguide.html （https://www.uec.ac.jp/arc/assets/labs.json を2026-09-10取得） ｜ 居室出典: 2026年度シラバス https://kyoumu.office.uec.ac.jp/syllabus/2026/31/31_21124102.html
Ⅰ類（情報系）,メディア情報学プログラム,孫 光鎬 研究室,孫 光鎬,西2号館205,https://sun-melab.com/,専攻: 情報学専攻｜機械知能システム学専攻 ｜ ラボガイド番号: Ⅰ類-16(Ⅱ類-64) ｜ ラボガイド更新: 2025-07-03 ｜ 出典: https://www.uec.ac.jp/arc/laboguide.html （https://www.uec.ac.jp/arc/assets/labs.json を2026-09-10取得） ｜ 居室出典: 研究室HP https://sun-melab.com/Contact
Ⅰ類（情報系）,メディア情報学プログラム,高木 一幸 研究室,高木 一幸,東3号館821,http://www.takagi.inf.uec.ac.jp/pdf/TKLAB.pdf,専攻: 情報学専攻 ｜ ラボガイド番号: Ⅰ類-17 ｜ ラボガイド更新: 2026-06-20 ｜ 出典: https://www.uec.ac.jp/arc/laboguide.html （https://www.uec.ac.jp/arc/assets/labs.json を2026-09-10取得） ｜ 居室出典: 2026年度シラバス https://kyoumu.office.uec.ac.jp/syllabus/2026/31/31_21025126.html
Ⅰ類（情報系）,メディア情報学プログラム,髙橋 裕樹 研究室,髙橋 裕樹,西6号館509,https://www.uec.ac.jp/research/information/opal-ring/0005150.html,専攻: 情報学専攻 ｜ ラボガイド番号: Ⅰ類-18 ｜ ラボガイド更新: 2025-07-03 ｜ 出典: https://www.uec.ac.jp/arc/laboguide.html （https://www.uec.ac.jp/arc/assets/labs.json を2026-09-10取得） ｜ 居室出典: 2026年度シラバス https://kyoumu.office.uec.ac.jp/syllabus/2026/33/33_25023217.html
Ⅰ類（情報系）,メディア情報学プログラム,田原 康之 研究室,田原 康之,西10号館730,http://www.tahara.lab.uec.ac.jp/,専攻: 情報学専攻 ｜ ラボガイド番号: Ⅰ類-19 ｜ ラボガイド更新: 2025-08-08 ｜ 追加URL: https://researchmap.jp/YasuyukiTahara／https://www.uec.ac.jp/research/members/opal-ring/6000010503.html ｜ 出典: https://www.uec.ac.jp/arc/laboguide.html （https://www.uec.ac.jp/arc/assets/labs.json を2026-09-10取得） ｜ 居室出典: 2026年度シラバス https://kyoumu.office.uec.ac.jp/syllabus/2026/31/31_21124213.html
Ⅰ類（情報系）,メディア情報学プログラム,若月 光夫 研究室,若月 光夫,東3号館822,http://www.mw.inf.uec.ac.jp,専攻: 情報学専攻 ｜ ラボガイド番号: Ⅰ類-20 ｜ ラボガイド更新: 2026-07-16 ｜ 出典: https://www.uec.ac.jp/arc/laboguide.html （https://www.uec.ac.jp/arc/assets/labs.json を2026-09-10取得） ｜ 居室出典: 2026年度シラバス https://kyoumu.office.uec.ac.jp/syllabus/2026/31/31_21124102.html
Ⅰ類（情報系）,メディア情報学プログラム,橋本 直己 研究室,橋本 直己,西9号館811,http://www.hashimoto.lab.uec.ac.jp/,専攻: 情報学専攻 ｜ ラボガイド番号: Ⅰ類-21 ｜ ラボガイド更新: 2025-07-15 ｜ 夢ナビ: https://talk.yumenavi.info/archives/1855?site=d&close=true ｜ VideoUEC: https://www.youtube.com/watch?v=A0qz6lf0_10 ｜ 出典: https://www.uec.ac.jp/arc/laboguide.html （https://www.uec.ac.jp/arc/assets/labs.json を2026-09-10取得） ｜ 居室出典: 2026年度シラバス https://kyoumu.office.uec.ac.jp/syllabus/2026/31/31_21122111.html
Ⅰ類（情報系）,メディア情報学プログラム,橋山 智訓 研究室,橋山 智訓,西10号館346,http://www2.media.is.uec.ac.jp/,専攻: 情報学専攻｜共同サステイナビリティ研究専攻 ｜ ラボガイド番号: Ⅰ類-22(SUS-2) ｜ ラボガイド更新: 2025-07-03 ｜ 出典: https://www.uec.ac.jp/arc/laboguide.html （https://www.uec.ac.jp/arc/assets/labs.json を2026-09-10取得） ｜ 居室出典: 2026年度シラバス https://kyoumu.office.uec.ac.jp/syllabus/2026/31/31_21124213.html
Ⅰ類（情報系）,メディア情報学プログラム,羽田 陽一 研究室,羽田 陽一,東3号館825,http://www.hanedalab.inf.uec.ac.jp/,専攻: 情報学専攻 ｜ ラボガイド番号: Ⅰ類-23 ｜ ラボガイド更新: 2025-07-03 ｜ 出張講義: Ⅰ類-6／https://docs.google.com/spreadsheets/d/1uJxsIAV9MO5RpW4ZK4avdf7bVvsVnyvn/edit?gid=905872286#gid=905872286&range=A10 ｜ 夢ナビ: https://douga.yumenavi.info/Lecture/PublishDetail/2015254432?back= ｜ VideoUEC: https://www.youtube.com/watch?v=BtPH6Og5tSg／https://www.youtube.com/shorts/_8I4HPc0X8s ｜ 出典: https://www.uec.ac.jp/arc/laboguide.html （https://www.uec.ac.jp/arc/assets/labs.json を2026-09-10取得） ｜ 居室出典: 研究室HP https://www.hanedalab.inf.uec.ac.jp/
Ⅰ類（情報系）,メディア情報学プログラム,久野 雅樹 研究室,久野 雅樹,東1号館509,,専攻: 情報学専攻 ｜ ラボガイド番号: Ⅰ類-24 ｜ ラボガイド更新: 2025-07-03 ｜ ラボガイドに研究室URLなし ｜ 出典: https://www.uec.ac.jp/arc/laboguide.html （https://www.uec.ac.jp/arc/assets/labs.json を2026-09-10取得） ｜ 居室出典: 2026年度シラバス https://kyoumu.office.uec.ac.jp/syllabus/2026/31/31_21016204.html
Ⅰ類（情報系）,メディア情報学プログラム,広田 光一・野嶋 琢也 研究室,広田 光一・野嶋 琢也,広田 光一: 東2号館311／野嶋 琢也: 東2号館315,http://www.hirota-lab.sumomo.ne.jp/,専攻: 情報学専攻 ｜ ラボガイド番号: Ⅰ類-25 ｜ ラボガイド更新: 2025-07-03 ｜ 出張講義: Ⅰ類-5／https://docs.google.com/spreadsheets/d/1uJxsIAV9MO5RpW4ZK4avdf7bVvsVnyvn/edit?gid=905872286#gid=905872286&range=A9 ｜ 夢ナビ: https://douga.yumenavi.info/Lecture/PublishDetail/2020216670?back= ｜ VideoUEC: https://www.youtube.com/watch?v=9P9z5m4jMNk ｜ 追加URL: http://www.nojilab.org/ ｜ 出典: https://www.uec.ac.jp/arc/laboguide.html （https://www.uec.ac.jp/arc/assets/labs.json を2026-09-10取得） ｜ 居室出典: 研究室HP http://www.hirota-lab.sumomo.ne.jp/index.php?cat=access
Ⅰ類（情報系）,メディア情報学プログラム,宮脇 陽一 研究室,宮脇 陽一,東4号館620,http://www.cns.mi.uec.ac.jp/,専攻: 情報学専攻｜機械知能システム学専攻 ｜ ラボガイド番号: Ⅰ類-26(Ⅱ類-68) ｜ ラボガイド更新: 2025-07-03 ｜ 出張講義: Ⅱ類-14 ｜ 夢ナビ: https://yumenavi.info/vue/lecture.html?University=V&SearchMod=4&SerKbn=3&ProId=WNF026&Page=1&GNKCD=g006402&KeyWord=%E9%9B%BB%E6%B0%97%E9%80%9A%E4%BF%A1%E5%A4%A7%E5%AD%A6&back=&CLGAKOCD=033840&mxorder=&gakubunm=&gakkanm=&From=portal ｜ VideoUEC: https://www.youtube.com/shorts/kFRez7XD9kU ｜ 出典: https://www.uec.ac.jp/arc/laboguide.html （https://www.uec.ac.jp/arc/assets/labs.json を2026-09-10取得） ｜ 居室出典: 研究室HP https://www.cns.mi.uec.ac.jp/Contacts_j.html
Ⅰ類（情報系）,メディア情報学プログラム,柳井 啓司 研究室,柳井 啓司,西9号館701,https://mm.cs.uec.ac.jp/,専攻: 情報学専攻 ｜ ラボガイド番号: Ⅰ類-27 ｜ ラボガイド更新: 2025-10-22 ｜ 出張講義: Ⅰ類-7／https://docs.google.com/spreadsheets/d/1uJxsIAV9MO5RpW4ZK4avdf7bVvsVnyvn/edit?gid=905872286#gid=905872286&range=A11 ｜ 夢ナビ: https://yumenavi.info/vue/lecture.html?University=V&SearchMod=4&SerKbn=3&ProId=WNF026&Page=1&GNKCD=g003890&KeyWord=%E9%9B%BB%E6%B0%97%E9%80%9A%E4%BF%A1%E5%A4%A7%E5%AD%A6&back=&CLGAKOCD=033840&mxorder=&gakubunm=&gakkanm=&From=portal ｜ VideoUEC: https://www.youtube.com/watch?v=IXPlgjGz2Mg ｜ 出典: https://www.uec.ac.jp/arc/laboguide.html （https://www.uec.ac.jp/arc/assets/labs.json を2026-09-10取得） ｜ 居室出典: 2026年度シラバス https://kyoumu.office.uec.ac.jp/syllabus/2026/31/31_21124201.html
Ⅰ類（情報系）,経営・社会情報学プログラム,天野 友之 研究室,天野 友之,東1号館813,,専攻: 情報学専攻 ｜ ラボガイド番号: Ⅰ類-28 ｜ ラボガイド更新: 2025-07-03 ｜ ラボガイドに研究室URLなし ｜ 出典: https://www.uec.ac.jp/arc/laboguide.html （https://www.uec.ac.jp/arc/assets/labs.json を2026-09-10取得） ｜ 居室出典: 2026年度シラバス https://kyoumu.office.uec.ac.jp/syllabus/2026/31/31_21122103.html
Ⅰ類（情報系）,経営・社会情報学プログラム,板倉 直明 研究室,板倉 直明,西5号館105,http://www.italab.inf.uec.ac.jp/,専攻: 情報学専攻 ｜ ラボガイド番号: Ⅰ類-29 ｜ ラボガイド更新: 2025-07-03 ｜ 出典: https://www.uec.ac.jp/arc/laboguide.html （https://www.uec.ac.jp/arc/assets/labs.json を2026-09-10取得） ｜ 居室出典: 2026年度シラバス https://kyoumu.office.uec.ac.jp/syllabus/2026/33/33_25132214.html
Ⅰ類（情報系）,経営・社会情報学プログラム,稲葉 通将 研究室,稲葉 通将,東2号館411,https://www.inaba.aix.uec.ac.jp/,専攻: 情報学専攻 ｜ ラボガイド番号: Ⅰ類-30 ｜ ラボガイド更新: 2025-07-14 ｜ 出典: https://www.uec.ac.jp/arc/laboguide.html （https://www.uec.ac.jp/arc/assets/labs.json を2026-09-10取得） ｜ 居室出典: 2026年度シラバス https://kyoumu.office.uec.ac.jp/syllabus/2026/31/31_21124213.html
Ⅰ類（情報系）,経営・社会情報学プログラム,岩﨑 敦 研究室,岩﨑 敦,東2号館515,https://a2ciwasaki.github.io/,専攻: 情報学専攻 ｜ ラボガイド番号: Ⅰ類-31 ｜ ラボガイド更新: 2026-08-09 ｜ 出張講義: https://docs.google.com/spreadsheets/d/1uJxsIAV9MO5RpW4ZK4avdf7bVvsVnyvn/edit?gid=905872286#gid=905872286&range=A12 ｜ 出典: https://www.uec.ac.jp/arc/laboguide.html （https://www.uec.ac.jp/arc/assets/labs.json を2026-09-10取得） ｜ 居室出典: 2026年度シラバス https://kyoumu.office.uec.ac.jp/syllabus/2026/31/31_21122215.html
Ⅰ類（情報系）,経営・社会情報学プログラム,内海 彰 研究室,内海 彰,西5号館703,http://www.utm.inf.uec.ac.jp/~utsumi/,専攻: 情報学専攻 ｜ ラボガイド番号: Ⅰ類-32 ｜ ラボガイド更新: 2025-07-03 ｜ VideoUEC: https://www.youtube.com/watch?v=AAAYJxXC4Qk／https://www.youtube.com/shorts/HHmRAitPjp8 ｜ 出典: https://www.uec.ac.jp/arc/laboguide.html （https://www.uec.ac.jp/arc/assets/labs.json を2026-09-10取得） ｜ 居室出典: 研究室HP http://www.utm.inf.uec.ac.jp/~utsumi/
Ⅰ類（情報系）,経営・社会情報学プログラム,岡本 一志 研究室,岡本 一志,西5号館503,http://www.ds.lab.uec.ac.jp/,専攻: 情報学専攻 ｜ ラボガイド番号: Ⅰ類-33 ｜ ラボガイド更新: 2025-07-03 ｜ 出典: https://www.uec.ac.jp/arc/laboguide.html （https://www.uec.ac.jp/arc/assets/labs.json を2026-09-10取得） ｜ 居室出典: 研究室HP https://www.ds.lab.uec.ac.jp/
Ⅰ類（情報系）,経営・社会情報学プログラム,木下 雄貴 研究室,木下 雄貴,西5号館407,http://www.ykinoshita.lab.uec.ac.jp/index.html,専攻: 情報学専攻 ｜ ラボガイド番号: Ⅰ類 ｜ ラボガイド更新: 2026-04-14 ｜ 追加URL: https://researchmap.jp/yuki_kinoshita ｜ 出典: https://www.uec.ac.jp/arc/laboguide.html （https://www.uec.ac.jp/arc/assets/labs.json を2026-09-10取得） ｜ 居室出典: 研究室HP https://www.ykinoshita.lab.uec.ac.jp/index.html
Ⅰ類（情報系）,経営・社会情報学プログラム,金 路 研究室,金 路,西5号館601,http://rm.inf.uec.ac.jp/doku.php,専攻: 情報学専攻 ｜ ラボガイド番号: Ⅰ類-35 ｜ ラボガイド更新: 2025-07-03 ｜ 出張講義: Ⅰ類-8／https://docs.google.com/spreadsheets/d/1uJxsIAV9MO5RpW4ZK4avdf7bVvsVnyvn/edit?gid=905872286#gid=905872286&range=A13 ｜ 出典: https://www.uec.ac.jp/arc/laboguide.html （https://www.uec.ac.jp/arc/assets/labs.json を2026-09-10取得） ｜ 居室出典: 研究室HP https://rm.inf.uec.ac.jp/doku.php
Ⅰ類（情報系）,経営・社会情報学プログラム,高木 正則 研究室,高木 正則,西5号館705,https://takagi-lab.jp/,専攻: 情報学専攻 ｜ ラボガイド番号: Ⅰ類-36 ｜ ラボガイド更新: 2026-04-14 ｜ 追加URL: https://sites.google.com/gl.cc.uec.ac.jp/ueclap2 ｜ 出典: https://www.uec.ac.jp/arc/laboguide.html （https://www.uec.ac.jp/arc/assets/labs.json を2026-09-10取得） ｜ 居室出典: 研究室HP https://takagi-lab.jp/page/contact/
Ⅰ類（情報系）,経営・社会情報学プログラム,長濱 章仁 研究室,長濱 章仁,西5号館,https://sites.google.com/view/nagahama-lab/,専攻: 情報学専攻 ｜ ラボガイド番号: Ⅰ類-37 ｜ ラボガイド更新: 2025-10-09 ｜ 出典: https://www.uec.ac.jp/arc/laboguide.html （https://www.uec.ac.jp/arc/assets/labs.json を2026-09-10取得） ｜ 居室出典: 研究室HP https://sites.google.com/view/nagahama-lab/
Ⅰ類（情報系）,経営・社会情報学プログラム,水野 統太 研究室,水野 統太,西5号館401,http://www.italab.inf.uec.ac.jp/,専攻: 情報学専攻 ｜ ラボガイド番号: Ⅰ類-38 ｜ ラボガイド更新: 2025-07-03 ｜ 出典: https://www.uec.ac.jp/arc/laboguide.html （https://www.uec.ac.jp/arc/assets/labs.json を2026-09-10取得） ｜ 居室出典: 2026年度シラバス https://kyoumu.office.uec.ac.jp/syllabus/2026/31/31_21124106.html
Ⅰ類（情報系）,経営・社会情報学プログラム,水戸 和幸 研究室,水戸 和幸,西5号館405,http://www.human.inf.uec.ac.jp,専攻: 情報学専攻 ｜ ラボガイド番号: Ⅰ類-39 ｜ ラボガイド更新: 2025-07-03 ｜ 出張講義: Ⅰ類-9／https://docs.google.com/spreadsheets/d/1uJxsIAV9MO5RpW4ZK4avdf7bVvsVnyvn/edit?gid=905872286#gid=905872286&range=A14 ｜ 夢ナビ: https://douga.yumenavi.info/Lecture/PublishDetail/2022001469?back= ｜ VideoUEC: https://www.youtube.com/watch?v=PqeeVjOq3s0 ｜ 出典: https://www.uec.ac.jp/arc/laboguide.html （https://www.uec.ac.jp/arc/assets/labs.json を2026-09-10取得） ｜ 居室出典: 研究室HP https://www.human.inf.uec.ac.jp/contactus.html
Ⅰ類（情報系）,経営・社会情報学プログラム,宮本 友樹 研究室,宮本 友樹,西5号館707,https://sites.google.com/view/tomokimiyamoto,専攻: 情報学専攻 ｜ ラボガイド番号: Ⅰ類-40 ｜ ラボガイド更新: 2025-07-03 ｜ 出典: https://www.uec.ac.jp/arc/laboguide.html （https://www.uec.ac.jp/arc/assets/labs.json を2026-09-10取得） ｜ 居室出典: 2026年度シラバス https://kyoumu.office.uec.ac.jp/syllabus/2026/31/31_21019267.html
Ⅰ類（情報系）,経営・社会情報学プログラム,山田 哲男 研究室,山田 哲男,西5号館507,http://tyamada-lab.inf.uec.ac.jp,専攻: 情報学専攻 ｜ ラボガイド番号: Ⅰ類-41 ｜ ラボガイド更新: 2025-07-03 ｜ 出典: https://www.uec.ac.jp/arc/laboguide.html （https://www.uec.ac.jp/arc/assets/labs.json を2026-09-10取得） ｜ 居室出典: 研究室HP https://tyamada-lab.inf.uec.ac.jp/contact.html
Ⅰ類（情報系）,経営・社会情報学プログラム,山田 裕一 研究室,山田 裕一,東1号館507,http://www.yyyamada.e-one.uec.ac.jp/indexj.html,専攻: 情報学専攻 ｜ ラボガイド番号: Ⅰ類-42 ｜ ラボガイド更新: 2025-07-03 ｜ 出典: https://www.uec.ac.jp/arc/laboguide.html （https://www.uec.ac.jp/arc/assets/labs.json を2026-09-10取得） ｜ 居室出典: 研究室HP https://www.yyyamada.e-one.uec.ac.jp/indexj.html
Ⅰ類（情報系）,経営・社会情報学プログラム,山本 佳世子 研究室,山本 佳世子,東2号館415,http://www.si.is.uec.ac.jp/yamamotohp/,専攻: 情報学専攻｜共同サステイナビリティ研究専攻 ｜ ラボガイド番号: Ⅰ類-43(SUS-3) ｜ ラボガイド更新: 2025-07-03 ｜ 夢ナビ: https://douga.yumenavi.info/Lecture/PublishDetail/2014236116?back= ｜ VideoUEC: https://www.youtube.com/@%E9%9B%BB%E6%B0%97%E9%80%9A%E4%BF%A1%E5%A4%A7%E5%AD%A6_%E5%B1%B1%E6%9C%AC%E4%BD%B3 ｜ 追加URL: https://www.uec.ac.jp/about/publicinfo/pdf/report2024.pdf／https://www.japantimes.co.jp/2024/05/02/special-supplements/making-global-efforts-realize-society-5-0/ ｜ 出典: https://www.uec.ac.jp/arc/laboguide.html （https://www.uec.ac.jp/arc/assets/labs.json を2026-09-10取得） ｜ 居室出典: 2026年度シラバス https://kyoumu.office.uec.ac.jp/syllabus/2026/31/31_21124202.html
Ⅰ類（情報系）,経営・社会情報学プログラム,横川 慎二 研究室,横川 慎二,西3号館202,http://www.yokogawa.iperc.uec.ac.jp/,専攻: 情報学専攻 ｜ ラボガイド番号: Ⅰ類-44 ｜ ラボガイド更新: 2025-07-03 ｜ 出張講義: Ⅰ類-10／https://docs.google.com/spreadsheets/d/1uJxsIAV9MO5RpW4ZK4avdf7bVvsVnyvn/edit?gid=905872286#gid=905872286&range=A15 ｜ VideoUEC: https://youtu.be/6XQw4o0L8qY?si=Ad-NOUGeN3K7rbKh ｜ 出典: https://www.uec.ac.jp/arc/laboguide.html （https://www.uec.ac.jp/arc/assets/labs.json を2026-09-10取得） ｜ 居室出典: 研究室HP https://www.yokogawa.iperc.uec.ac.jp/access.html
Ⅰ類（情報系）,経営・社会情報学プログラム,椿本 弥生 研究室,椿本 弥生,西6号館307,,専攻: 情報学専攻 ｜ ラボガイド番号: Ⅰ類 ｜ ラボガイド更新: 2026-04-24 ｜ ラボガイドに研究室URLなし ｜ 出典: https://www.uec.ac.jp/arc/laboguide.html （https://www.uec.ac.jp/arc/assets/labs.json を2026-09-10取得） ｜ 居室出典: 2026年度シラバス https://kyoumu.office.uec.ac.jp/syllabus/2026/31/31_21018114.html
Ⅰ類（情報系）,情報数理工学プログラム,石田 晴久 研究室,石田 晴久,東1号館501,,専攻: 情報・ネットワーク工学専攻 ｜ ラボガイド番号: Ⅰ類-45 ｜ ラボガイド更新: 2026-04-13 ｜ ラボガイドに研究室URLなし ｜ 出典: https://www.uec.ac.jp/arc/laboguide.html （https://www.uec.ac.jp/arc/assets/labs.json を2026-09-10取得） ｜ 居室出典: 2026年度シラバス https://kyoumu.office.uec.ac.jp/syllabus/2026/31/31_21019126.html
Ⅰ類（情報系）,情報数理工学プログラム,植野 真臣 研究室,植野 真臣,西10号館428,http://www.ai.lab.uec.ac.jp,専攻: 情報・ネットワーク工学専攻 ｜ ラボガイド番号: Ⅰ類-46 ｜ ラボガイド更新: 2025-07-03 ｜ 出典: https://www.uec.ac.jp/arc/laboguide.html （https://www.uec.ac.jp/arc/assets/labs.json を2026-09-10取得） ｜ 居室出典: 研究室HP https://www.ai.lab.uec.ac.jp/access/
Ⅰ類（情報系）,情報数理工学プログラム,宇都 雅輝 研究室,宇都 雅輝,西10号館206,https://sites.google.com/view/utomasaki/,専攻: 情報・ネットワーク工学専攻 ｜ ラボガイド番号: Ⅰ類-47 ｜ ラボガイド更新: 2025-07-03 ｜ 出典: https://www.uec.ac.jp/arc/laboguide.html （https://www.uec.ac.jp/arc/assets/labs.json を2026-09-10取得） ｜ 居室出典: 研究室HP https://sites.google.com/view/utomasaki/
Ⅰ類（情報系）,情報数理工学プログラム,岡本 吉央 研究室,岡本 吉央,西4号館206,http://dopal.cs.uec.ac.jp/lab/,専攻: 情報・ネットワーク工学専攻 ｜ ラボガイド番号: Ⅰ類-48 ｜ ラボガイド更新: 2026-04-14 ｜ 出張講義: Ⅰ類-11／https://docs.google.com/spreadsheets/d/1uJxsIAV9MO5RpW4ZK4avdf7bVvsVnyvn/edit?gid=905872286#gid=905872286&range=A16 ｜ 追加URL: https://www.youtube.com/channel/UCbF_vi6ZfU5YLwttt1Oli3Q ｜ 出典: https://www.uec.ac.jp/arc/laboguide.html （https://www.uec.ac.jp/arc/assets/labs.json を2026-09-10取得） ｜ 居室出典: 研究室HP https://dopal.cs.uec.ac.jp/lab/
Ⅰ類（情報系）,情報数理工学プログラム,緒方 秀教 研究室,緒方 秀教,西4号館306,http://www.uec-ogata-lab.jp/,専攻: 情報・ネットワーク工学専攻 ｜ ラボガイド番号: Ⅰ類-49 ｜ ラボガイド更新: 2025-07-03 ｜ 出典: https://www.uec.ac.jp/arc/laboguide.html （https://www.uec.ac.jp/arc/assets/labs.json を2026-09-10取得） ｜ 居室出典: 2026年度シラバス https://kyoumu.office.uec.ac.jp/syllabus/2026/31/31_21019228.html
Ⅰ類（情報系）,情報数理工学プログラム,工藤 周平 研究室,工藤 周平,西4号館308,,専攻: 情報・ネットワーク工学専攻 ｜ ラボガイド番号: Ⅰ類-50 ｜ ラボガイド更新: 2025-07-03 ｜ ラボガイドに研究室URLなし ｜ 出典: https://www.uec.ac.jp/arc/laboguide.html （https://www.uec.ac.jp/arc/assets/labs.json を2026-09-10取得） ｜ 居室出典: 2026年度シラバス https://kyoumu.office.uec.ac.jp/syllabus/2026/33/33_25231215.html
Ⅰ類（情報系）,情報数理工学プログラム,小宮 常康 研究室,小宮 常康,西10号館630,http://www.spa.is.uec.ac.jp/~komiya/,専攻: 情報・ネットワーク工学専攻 ｜ ラボガイド番号: Ⅰ類-51 ｜ ラボガイド更新: 2025-07-03 ｜ 出典: https://www.uec.ac.jp/arc/laboguide.html （https://www.uec.ac.jp/arc/assets/labs.json を2026-09-10取得） ｜ 居室出典: 2026年度シラバス https://kyoumu.office.uec.ac.jp/syllabus/2026/31/31_21122105.html
Ⅰ類（情報系）,情報数理工学プログラム,小山 大介 研究室,小山 大介,西4号館210,http://www.im.uec.ac.jp/~koyama/,専攻: 情報・ネットワーク工学専攻 ｜ ラボガイド番号: Ⅰ類-52 ｜ ラボガイド更新: 2025-07-03 ｜ 出典: https://www.uec.ac.jp/arc/laboguide.html （https://www.uec.ac.jp/arc/assets/labs.json を2026-09-10取得） ｜ 居室出典: 研究室HP http://www.im.uec.ac.jp/~koyama/
Ⅰ類（情報系）,情報数理工学プログラム,齋藤 平和 研究室,齋藤 平和,東1号館503,,専攻: 情報・ネットワーク工学専攻 ｜ ラボガイド番号: Ⅰ類-53 ｜ ラボガイド更新: 2025-07-03 ｜ ラボガイドに研究室URLなし ｜ 出典: https://www.uec.ac.jp/arc/laboguide.html （https://www.uec.ac.jp/arc/assets/labs.json を2026-09-10取得） ｜ 居室出典: 2026年度シラバス https://kyoumu.office.uec.ac.jp/syllabus/2026/31/31_21019105.html
Ⅰ類（情報系）,情報数理工学プログラム,高橋 里司 研究室,高橋 里司,西4号館508,,専攻: 情報・ネットワーク工学専攻 ｜ ラボガイド番号: Ⅰ類-54 ｜ ラボガイド更新: 2025-10-15 ｜ 出張講義: Ⅰ類-12／https://docs.google.com/spreadsheets/d/1uJxsIAV9MO5RpW4ZK4avdf7bVvsVnyvn/edit?gid=905872286#gid=905872286&range=A17 ｜ 夢ナビ: https://douga.yumenavi.info/Lecture/PublishDetail/2021000100?back= ｜ ラボガイドに研究室URLなし ｜ 出典: https://www.uec.ac.jp/arc/laboguide.html （https://www.uec.ac.jp/arc/assets/labs.json を2026-09-10取得） ｜ 居室出典: 2026年度シラバス https://kyoumu.office.uec.ac.jp/syllabus/2026/31/31_21122202.html
Ⅰ類（情報系）,情報数理工学プログラム,武永 康彦 研究室,武永 康彦,西9号館535,http://crimson.cs.uec.ac.jp/,専攻: 情報・ネットワーク工学専攻 ｜ ラボガイド番号: Ⅰ類-55 ｜ ラボガイド更新: 2026-04-13 ｜ 出典: https://www.uec.ac.jp/arc/laboguide.html （https://www.uec.ac.jp/arc/assets/labs.json を2026-09-10取得） ｜ 居室出典: 2026年度シラバス https://kyoumu.office.uec.ac.jp/syllabus/2026/31/31_21124123.html
Ⅰ類（情報系）,情報数理工学プログラム,龍野 智哉 研究室,龍野 智哉,西4号館608,http://www.im.uec.ac.jp/~tatsuno/,専攻: 情報・ネットワーク工学専攻 ｜ ラボガイド番号: Ⅰ類-56 ｜ ラボガイド更新: 2025-07-03 ｜ 出典: https://www.uec.ac.jp/arc/laboguide.html （https://www.uec.ac.jp/arc/assets/labs.json を2026-09-10取得） ｜ 居室出典: 2026年度シラバス https://kyoumu.office.uec.ac.jp/syllabus/2026/31/31_21124226.html
Ⅰ類（情報系）,情報数理工学プログラム,西山 悠 研究室,西山 悠,西10号館207,https://sites.google.com/site/ynishiyam/,専攻: 情報・ネットワーク工学専攻 ｜ ラボガイド番号: Ⅰ類-60 ｜ ラボガイド更新: 2025-07-03 ｜ 出典: https://www.uec.ac.jp/arc/laboguide.html （https://www.uec.ac.jp/arc/assets/labs.json を2026-09-10取得） ｜ 居室出典: 2026年度シラバス https://kyoumu.office.uec.ac.jp/syllabus/2026/33/33_25224103.html
Ⅰ類（情報系）,情報数理工学プログラム,保木 邦仁 研究室,保木 邦仁,西4号館506,http://kjk.office.uec.ac.jp/Profiles/59/0005860/profile.html,専攻: 情報・ネットワーク工学専攻 ｜ ラボガイド番号: Ⅰ類-61 ｜ ラボガイド更新: 2025-07-03 ｜ 出典: https://www.uec.ac.jp/arc/laboguide.html （https://www.uec.ac.jp/arc/assets/labs.json を2026-09-10取得） ｜ 居室出典: 2026年度シラバス https://kyoumu.office.uec.ac.jp/syllabus/2026/31/31_21124228.html
Ⅰ類（情報系）,情報数理工学プログラム,本多 弘樹・三輪 忍・八巻 隼人 研究室,本多 弘樹・三輪 忍・八巻 隼人,本多 弘樹: 西10号館522／三輪 忍: 西10号館521／八巻 隼人: 西10号館519,http://www.hpc.is.uec.ac.jp/index-jp.html,専攻: 情報・ネットワーク工学専攻 ｜ ラボガイド番号: Ⅰ類-62 ｜ ラボガイド更新: 2025-07-03 ｜ 出典: https://www.uec.ac.jp/arc/laboguide.html （https://www.uec.ac.jp/arc/assets/labs.json を2026-09-10取得） ｜ 居室出典: 2026年度シラバス https://kyoumu.office.uec.ac.jp/syllabus/2026/31/31_21019269.html
Ⅰ類（情報系）,情報数理工学プログラム,丸亀 泰二 研究室,丸亀 泰二,東1号館505,,専攻: 情報・ネットワーク工学専攻 ｜ ラボガイド番号: Ⅰ類-63 ｜ ラボガイド更新: 2025-07-03 ｜ ラボガイドに研究室URLなし ｜ 出典: https://www.uec.ac.jp/arc/laboguide.html （https://www.uec.ac.jp/arc/assets/labs.json を2026-09-10取得） ｜ 居室出典: 2026年度シラバス https://kyoumu.office.uec.ac.jp/syllabus/2026/31/31_21019132.html
Ⅰ類（情報系）,情報数理工学プログラム,山﨑 匡 研究室,山﨑 匡,西4号館610,https://numericalbrain.org/,専攻: 情報・ネットワーク工学専攻 ｜ ラボガイド番号: Ⅰ類-65 ｜ ラボガイド更新: 2025-07-03 ｜ 出張講義: Ⅰ類-13／https://docs.google.com/spreadsheets/d/1uJxsIAV9MO5RpW4ZK4avdf7bVvsVnyvn/edit?gid=905872286#gid=905872286&range=A18 ｜ 夢ナビ: https://douga.yumenavi.info/Lecture/PublishDetail/2023002426 ｜ 出典: https://www.uec.ac.jp/arc/laboguide.html （https://www.uec.ac.jp/arc/assets/labs.json を2026-09-10取得） ｜ 居室出典: 研究室HP https://numericalbrain.org/contact/
Ⅰ類（情報系）,情報数理工学プログラム,山本 有作 研究室,山本 有作,西4号館208,,専攻: 情報・ネットワーク工学専攻 ｜ ラボガイド番号: Ⅰ類-67 ｜ ラボガイド更新: 2025-07-03 ｜ ラボガイドに研究室URLなし ｜ 出典: https://www.uec.ac.jp/arc/laboguide.html （https://www.uec.ac.jp/arc/assets/labs.json を2026-09-10取得） ｜ 居室出典: 2026年度シラバス https://kyoumu.office.uec.ac.jp/syllabus/2026/31/31_21124122.html
Ⅰ類（情報系）,コンピュータサイエンスプログラム,赤池 英夫 研究室,赤池 英夫,西9号館515,http://hil86.cs.uec.ac.jp/ahil/,専攻: 情報・ネットワーク工学専攻 ｜ ラボガイド番号: Ⅰ類-68 ｜ ラボガイド更新: 2025-07-03 ｜ 出典: https://www.uec.ac.jp/arc/laboguide.html （https://www.uec.ac.jp/arc/assets/labs.json を2026-09-10取得） ｜ 居室出典: 2026年度シラバス https://kyoumu.office.uec.ac.jp/syllabus/2026/31/31_21122208.html
Ⅰ類（情報系）,コンピュータサイエンスプログラム,伊藤 毅志 研究室,伊藤 毅志,西9号館415,http://minerva.cs.uec.ac.jp/cgi-bin/itolab-web/wiki.cgi,専攻: 情報・ネットワーク工学専攻 ｜ ラボガイド番号: Ⅰ類-69 ｜ ラボガイド更新: 2025-07-14 ｜ 出典: https://www.uec.ac.jp/arc/laboguide.html （https://www.uec.ac.jp/arc/assets/labs.json を2026-09-10取得） ｜ 居室出典: 2026年度シラバス https://kyoumu.office.uec.ac.jp/syllabus/2026/31/31_21124130.html
Ⅰ類（情報系）,コンピュータサイエンスプログラム,伊藤 大雄・三重野 琢也 研究室,伊藤 大雄・三重野 琢也,伊藤 大雄: 西9号館505／三重野 琢也: 西9号館507,http://www.alg.cei.uec.ac.jp/,専攻: 情報・ネットワーク工学専攻 ｜ ラボガイド番号: Ⅰ類-70 ｜ ラボガイド更新: 2026-04-13 ｜ 出張講義: Ⅰ類-14／https://docs.google.com/spreadsheets/d/1uJxsIAV9MO5RpW4ZK4avdf7bVvsVnyvn/edit?gid=905872286#gid=905872286&range=A19 ｜ VideoUEC: https://www.youtube.com/watch?v=7VR5WTmlo0Y ｜ 追加URL: https://sites.google.com/gl.cc.uec.ac.jp/str ｜ 出典: https://www.uec.ac.jp/arc/laboguide.html （https://www.uec.ac.jp/arc/assets/labs.json を2026-09-10取得） ｜ 居室出典: 研究室HP https://sites.google.com/gl.cc.uec.ac.jp/str/contact
Ⅰ類（情報系）,コンピュータサイエンスプログラム,大森 匡 研究室,大森 匡,西10号館528,http://home.hol.is.uec.ac.jp/,専攻: 情報・ネットワーク工学専攻 ｜ ラボガイド番号: Ⅰ類-71 ｜ ラボガイド更新: 2025-07-15 ｜ 出典: https://www.uec.ac.jp/arc/laboguide.html （https://www.uec.ac.jp/arc/assets/labs.json を2026-09-10取得） ｜ 居室出典: 2026年度シラバス https://kyoumu.office.uec.ac.jp/syllabus/2026/32/32_22023201.html
Ⅰ類（情報系）,コンピュータサイエンスプログラム,兼岩 憲 研究室,兼岩 憲,西9号館409,http://www.sw.cei.uec.ac.jp/index-j.html,専攻: 情報・ネットワーク工学専攻 ｜ ラボガイド番号: Ⅰ類-72 ｜ ラボガイド更新: 2025-07-03 ｜ 出典: https://www.uec.ac.jp/arc/laboguide.html （https://www.uec.ac.jp/arc/assets/labs.json を2026-09-10取得） ｜ 居室出典: 2026年度シラバス https://kyoumu.office.uec.ac.jp/syllabus/2026/31/31_21124121.html
Ⅰ類（情報系）,コンピュータサイエンスプログラム,古賀 久志 研究室,古賀 久志,西10号館832,http://www.sd.is.uec.ac.jp/koga/index.html,専攻: 情報・ネットワーク工学専攻 ｜ ラボガイド番号: Ⅰ類-73 ｜ ラボガイド更新: 2025-07-14 ｜ 出典: https://www.uec.ac.jp/arc/laboguide.html （https://www.uec.ac.jp/arc/assets/labs.json を2026-09-10取得） ｜ 居室出典: 2026年度シラバス https://kyoumu.office.uec.ac.jp/syllabus/2026/31/31_21122110.html
Ⅰ類（情報系）,コンピュータサイエンスプログラム,小林 聡 研究室,小林 聡,西9号館735,http://www.comp.cs.uec.ac.jp/index.html,専攻: 情報・ネットワーク工学専攻 ｜ ラボガイド番号: Ⅰ類-74 ｜ ラボガイド更新: 2025-07-03 ｜ 出典: https://www.uec.ac.jp/arc/laboguide.html （https://www.uec.ac.jp/arc/assets/labs.json を2026-09-10取得） ｜ 居室出典: 研究室HP https://www.comp.cs.uec.ac.jp/access.html
Ⅰ類（情報系）,コンピュータサイエンスプログラム,佐藤 証 研究室,佐藤 証,西9号館617,http://satoh.cs.uec.ac.jp/ja/index.html,専攻: 情報・ネットワーク工学専攻 ｜ ラボガイド番号: Ⅰ類-75 ｜ ラボガイド更新: 2025-07-03 ｜ 出典: https://www.uec.ac.jp/arc/laboguide.html （https://www.uec.ac.jp/arc/assets/labs.json を2026-09-10取得） ｜ 居室出典: 2026年度シラバス https://kyoumu.office.uec.ac.jp/syllabus/2026/31/31_21122107.html
Ⅰ類（情報系）,コンピュータサイエンスプログラム,佐藤 重幸 研究室,佐藤 重幸,西2号館509,https://plsp-lab.github.io/,専攻: 情報・ネットワーク工学専攻 ｜ ラボガイド番号: Ⅰ類-76 ｜ ラボガイド更新: 2026-03-26 ｜ 出典: https://www.uec.ac.jp/arc/laboguide.html （https://www.uec.ac.jp/arc/assets/labs.json を2026-09-10取得） ｜ 居室出典: 研究室HP https://plsp-lab.github.io/
Ⅰ類（情報系）,コンピュータサイエンスプログラム,新谷 隆彦 研究室,新谷 隆彦,西10号館531,http://home.hol.is.uec.ac.jp/shintani/,専攻: 情報・ネットワーク工学専攻 ｜ ラボガイド番号: Ⅰ類-77 ｜ ラボガイド更新: 2025-07-03 ｜ 出典: https://www.uec.ac.jp/arc/laboguide.html （https://www.uec.ac.jp/arc/assets/labs.json を2026-09-10取得） ｜ 居室出典: 2026年度シラバス https://kyoumu.office.uec.ac.jp/syllabus/2026/32/32_22021206.html
Ⅰ類（情報系）,コンピュータサイエンスプログラム,関 新之助 研究室,関 新之助,西9号館713,http://www.sseki.lab.uec.ac.jp/,専攻: 情報・ネットワーク工学専攻 ｜ ラボガイド番号: Ⅰ類-78 ｜ ラボガイド更新: 2025-07-03 ｜ 出典: https://www.uec.ac.jp/arc/laboguide.html （https://www.uec.ac.jp/arc/assets/labs.json を2026-09-10取得） ｜ 居室出典: 2026年度シラバス https://kyoumu.office.uec.ac.jp/syllabus/2026/31/31_21018134.html
Ⅰ類（情報系）,コンピュータサイエンスプログラム,湯 素華 研究室,湯 素華,西9号館601,http://www.tang.cs.uec.ac.jp/,専攻: 情報・ネットワーク工学専攻 ｜ ラボガイド番号: Ⅰ類-79 ｜ ラボガイド更新: 2025-07-03 ｜ 出典: https://www.uec.ac.jp/arc/laboguide.html （https://www.uec.ac.jp/arc/assets/labs.json を2026-09-10取得） ｜ 居室出典: 研究室HP http://www.tang.cs.uec.ac.jp/access.html
Ⅰ類（情報系）,コンピュータサイエンスプログラム,策力木格 研究室,策力木格,西10号館621,http://comp.is.uec.ac.jp/,専攻: 情報・ネットワーク工学専攻 ｜ ラボガイド番号: Ⅰ類-80 ｜ ラボガイド更新: 2025-07-03 ｜ 出典: https://www.uec.ac.jp/arc/laboguide.html （https://www.uec.ac.jp/arc/assets/labs.json を2026-09-10取得） ｜ 居室出典: 2026年度シラバス https://kyoumu.office.uec.ac.jp/syllabus/2026/31/31_21122220.html
Ⅰ類（情報系）,コンピュータサイエンスプログラム,戸田 貴久 研究室,戸田 貴久,西10号館820,http://disc.lab.uec.ac.jp/,専攻: 情報・ネットワーク工学専攻 ｜ ラボガイド番号: Ⅰ類-81 ｜ ラボガイド更新: 2026-01-03 ｜ 追加URL: https://x.com/lab_toda ｜ 出典: https://www.uec.ac.jp/arc/laboguide.html （https://www.uec.ac.jp/arc/assets/labs.json を2026-09-10取得） ｜ 居室出典: 2026年度シラバス https://kyoumu.office.uec.ac.jp/syllabus/2026/31/31_21018120.html
Ⅰ類（情報系）,コンピュータサイエンスプログラム,中鹿 亘 研究室,中鹿 亘,西10号館209,http://www.sp.lab.uec.ac.jp,専攻: 情報・ネットワーク工学専攻 ｜ ラボガイド番号: Ⅰ類-82 ｜ ラボガイド更新: 2025-11-07 ｜ 出典: https://www.uec.ac.jp/arc/laboguide.html （https://www.uec.ac.jp/arc/assets/labs.json を2026-09-10取得） ｜ 居室出典: 研究室HP https://www.sp.lab.uec.ac.jp/about.html
Ⅰ類（情報系）,コンピュータサイエンスプログラム,中山 泰一 研究室,中山 泰一,西9号館413,,専攻: 情報・ネットワーク工学専攻 ｜ ラボガイド番号: Ⅰ類-83 ｜ ラボガイド更新: 2025-07-03 ｜ ラボガイドに研究室URLなし ｜ 出典: https://www.uec.ac.jp/arc/laboguide.html （https://www.uec.ac.jp/arc/assets/labs.json を2026-09-10取得） ｜ 居室出典: 2026年度シラバス https://kyoumu.office.uec.ac.jp/syllabus/2026/31/31_21124103.html
Ⅰ類（情報系）,コンピュータサイエンスプログラム,成見 哲 研究室,成見 哲,西9号館519,http://narumi.cs.uec.ac.jp/,専攻: 情報・ネットワーク工学専攻 ｜ ラボガイド番号: Ⅰ類-84 ｜ ラボガイド更新: 2026-04-01 ｜ 夢ナビ: https://yumenavi.info/vue/lecture.html?University=V&SearchMod=4&SerKbn=3&ProId=WNF026&Page=1&GNKCD=g002598&KeyWord=%E9%9B%BB%E6%B0%97%E9%80%9A%E4%BF%A1%E5%A4%A7%E5%AD%A6&back=&CLGAKOCD=033840&mxorder=&gakubunm=&gakkanm=&From=portal／https://yumenavi.info/vue/lecture.html?University=V&SearchMod=4&SerKbn=3&ProId=WNF026&Page=1&GNKCD=g002599&KeyWord=%E9%9B%BB%E6%B0%97%E9%80%9A%E4%BF%A1%E5%A4%A7%E5%AD%A6&back=&CLGAKOCD=033840&mxorder=&gakubunm=&gakkanm=&From=portal／https://yumenavi.info/vue/lecture.html?University=V&SearchMod=4&SerKbn=3&ProId=WNF026&Page=1&GNKCD=g002600&KeyWord=%E9%9B%BB%E6%B0%97%E9%80%9A%E4%BF%A1%E5%A4%A7%E5%AD%A6&back=&CLGAKOCD=033840&mxorder=&gakubunm=&gakkanm=&From=portal ｜ VideoUEC: https://www.youtube.com/watch?v=NnYfsesanRc ｜ 出典: https://www.uec.ac.jp/arc/laboguide.html （https://www.uec.ac.jp/arc/assets/labs.json を2026-09-10取得） ｜ 居室出典: 研究室HP https://narumi.cs.uec.ac.jp/access.shtml
Ⅰ類（情報系）,コンピュータサイエンスプログラム,藤田 秀之 研究室,藤田 秀之,西10号館530,http://home.hol.is.uec.ac.jp/fujita/,専攻: 情報・ネットワーク工学専攻 ｜ ラボガイド番号: Ⅰ類-85 ｜ ラボガイド更新: 2025-07-03 ｜ 出典: https://www.uec.ac.jp/arc/laboguide.html （https://www.uec.ac.jp/arc/assets/labs.json を2026-09-10取得） ｜ 居室出典: 研究室HP https://home.hol.is.uec.ac.jp/fujita/
Ⅰ類（情報系）,コンピュータサイエンスプログラム,南 泰浩 研究室,南 泰浩,西10号館831,http://www.sd.is.uec.ac.jp/index.html,専攻: 情報・ネットワーク工学専攻 ｜ ラボガイド番号: Ⅰ類-86 ｜ ラボガイド更新: 2025-07-03 ｜ 夢ナビ: https://douga.yumenavi.info/Lecture/PublishDetail/2018223510?back= ｜ 出典: https://www.uec.ac.jp/arc/laboguide.html （https://www.uec.ac.jp/arc/assets/labs.json を2026-09-10取得） ｜ 居室出典: 2026年度シラバス https://kyoumu.office.uec.ac.jp/syllabus/2026/31/31_21124119.html
Ⅰ類（情報系）,コンピュータサイエンスプログラム,渡辺 博芳 研究室,渡辺 博芳,西10号館629,https://watanabe-uec.jp/top/,専攻: 情報・ネットワーク工学専攻 ｜ ラボガイド番号: Ⅰ類-87 ｜ ラボガイド更新: 2026-05-21 ｜ 出典: https://www.uec.ac.jp/arc/laboguide.html （https://www.uec.ac.jp/arc/assets/labs.json を2026-09-10取得） ｜ 居室出典: 研究室HP https://watanabe-uec.jp/top/
Ⅰ類（情報系）,コンピュータサイエンスプログラム,矢﨑 俊志 研究室,矢﨑 俊志,東3号館441,https://yazaki.lab.uec.ac.jp/,専攻: 情報・ネットワーク工学専攻 ｜ ラボガイド番号: Ⅰ類-88 ｜ ラボガイド更新: 2025-07-14 ｜ 出典: https://www.uec.ac.jp/arc/laboguide.html （https://www.uec.ac.jp/arc/assets/labs.json を2026-09-10取得） ｜ 居室出典: 2026年度シラバス https://kyoumu.office.uec.ac.jp/syllabus/2026/33/33_25232232.html
Ⅰ類（情報系）,コンピュータサイエンスプログラム,吉永 努 研究室,吉永 努,西10号館622,http://comp.is.uec.ac.jp/,専攻: 情報・ネットワーク工学専攻 ｜ ラボガイド番号: Ⅰ類-89 ｜ ラボガイド更新: 2025-07-03 ｜ VideoUEC: https://www.youtube.com/shorts/hWbkILHpCOY ｜ 出典: https://www.uec.ac.jp/arc/laboguide.html （https://www.uec.ac.jp/arc/assets/labs.json を2026-09-10取得） ｜ 居室出典: 2026年度シラバス https://kyoumu.office.uec.ac.jp/syllabus/2026/31/31_21122108.html
Ⅰ類（情報系）,コンピュータサイエンスプログラム,李 傲寒 研究室,李 傲寒,,https://sites.google.com/view/aohanli/homepage,専攻: 情報・ネットワーク工学専攻 ｜ ラボガイド番号: Ⅰ類-90 ｜ ラボガイド更新: 2025-07-03 ｜ 出典: https://www.uec.ac.jp/arc/laboguide.html （https://www.uec.ac.jp/arc/assets/labs.json を2026-09-10取得） ｜ 居室は2026年度シラバス・研究室HP・基盤理工学専攻教員紹介から部屋番号が見つからず
Ⅰ類（情報系）,デザイン思考・データサイエンスプログラム,岡本 一志 研究室,岡本 一志,西5号館503,http://www.ds.lab.uec.ac.jp/,専攻: 情報学専攻 ｜ ラボガイド番号: Ⅰ類-91(Ⅰ類-33) ｜ ラボガイド更新: 2025-07-03 ｜ 出典: https://www.uec.ac.jp/arc/laboguide.html （https://www.uec.ac.jp/arc/assets/labs.json を2026-09-10取得） ｜ 居室出典: 研究室HP https://www.ds.lab.uec.ac.jp/
Ⅰ類（情報系）,デザイン思考・データサイエンスプログラム,庄野 逸 研究室,庄野 逸,西3号館308,http://daemon.inf.uec.ac.jp,専攻: 情報学専攻 ｜ ラボガイド番号: Ⅰ類-92(Ⅰ類-15) ｜ ラボガイド更新: 2025-07-03 ｜ 出張講義: Ⅰ類-4 ｜ 夢ナビ: https://douga.yumenavi.info/Lecture/PublishDetail/2017276540?back= ｜ VideoUEC: https://www.youtube.com/watch?v=gp03Rn2iAiM／https://www.youtube.com/watch?v=5GOAP60PDiM／https://www.youtube.com/watch?v=_AWRwMB2pJA ｜ 出典: https://www.uec.ac.jp/arc/laboguide.html （https://www.uec.ac.jp/arc/assets/labs.json を2026-09-10取得） ｜ 居室出典: 2026年度シラバス https://kyoumu.office.uec.ac.jp/syllabus/2026/31/31_21124102.html
Ⅰ類（情報系）,デザイン思考・データサイエンスプログラム,原 聡 研究室,原 聡,西5号館803,https://sites.google.com/gl.cc.uec.ac.jp/hara-lab/,専攻: 情報学専攻 ｜ ラボガイド番号: Ⅰ類-93 ｜ ラボガイド更新: 2025-07-03 ｜ 出典: https://www.uec.ac.jp/arc/laboguide.html （https://www.uec.ac.jp/arc/assets/labs.json を2026-09-10取得） ｜ 居室出典: 2026年度シラバス https://kyoumu.office.uec.ac.jp/syllabus/2026/31/31_21124133.html
Ⅰ類（情報系）,デザイン思考・データサイエンスプログラム,原田 慧 研究室,原田 慧,西5号館807,https://dx2.inf.uec.ac.jp/master/index.html,専攻: 情報学専攻 ｜ ラボガイド番号: Ⅰ類-94 ｜ ラボガイド更新: 2026-04-16 ｜ 追加URL: https://ds-education.uec.ac.jp/／https://www.de.uec.ac.jp/ ｜ 出典: https://www.uec.ac.jp/arc/laboguide.html （https://www.uec.ac.jp/arc/assets/labs.json を2026-09-10取得） ｜ 居室出典: 2026年度シラバス https://kyoumu.office.uec.ac.jp/syllabus/2026/31/31_21018134.html
Ⅰ類（情報系）,デザイン思考・データサイエンスプログラム,松野 省吾 研究室,松野 省吾,西5号館801,https://dx2-matsuno.github.io/,専攻: 情報学専攻 ｜ ラボガイド番号: Ⅰ類-95 ｜ ラボガイド更新: 2025-07-03 ｜ 出典: https://www.uec.ac.jp/arc/laboguide.html （https://www.uec.ac.jp/arc/assets/labs.json を2026-09-10取得） ｜ 居室出典: 研究室HP https://dx2-matsuno.github.io/contact.html
Ⅰ類（情報系）,デザイン思考・データサイエンスプログラム,柳井 啓司 研究室,柳井 啓司,西9号館701,https://mm.cs.uec.ac.jp/,専攻: 情報学専攻 ｜ ラボガイド番号: Ⅰ類-96(Ⅰ類-27) ｜ ラボガイド更新: 2025-10-22 ｜ 出張講義: Ⅰ類-7 ｜ 夢ナビ: https://yumenavi.info/vue/lecture.html?University=V&SearchMod=4&SerKbn=3&ProId=WNF026&Page=1&GNKCD=g003890&KeyWord=%E9%9B%BB%E6%B0%97%E9%80%9A%E4%BF%A1%E5%A4%A7%E5%AD%A6&back=&CLGAKOCD=033840&mxorder=&gakubunm=&gakkanm=&From=portal ｜ VideoUEC: https://www.youtube.com/watch?v=IXPlgjGz2Mg ｜ 出典: https://www.uec.ac.jp/arc/laboguide.html （https://www.uec.ac.jp/arc/assets/labs.json を2026-09-10取得） ｜ 居室出典: 2026年度シラバス https://kyoumu.office.uec.ac.jp/syllabus/2026/31/31_21124201.html
Ⅰ類（情報系）,デザイン思考・データサイエンスプログラム,柴田 淳司 研究室,柴田 淳司,西5号館203,https://sites.google.com/view/shibata-lab/home,専攻: 情報学専攻 ｜ ラボガイド更新: 2025-10-21 ｜ 出典: https://www.uec.ac.jp/arc/laboguide.html （https://www.uec.ac.jp/arc/assets/labs.json を2026-09-10取得） ｜ 居室出典: 研究室HP https://sites.google.com/view/shibata-lab/contact
Ⅰ類（情報系）,デザイン思考・データサイエンスプログラム,日永田 智絵 研究室,日永田 智絵,,www.uec.ac.jp,専攻: 情報学専攻 ｜ ラボガイド更新: 2026-05-11 ｜ 追加URL: https://www.hieida.com/ ｜ 出典: https://www.uec.ac.jp/arc/laboguide.html （https://www.uec.ac.jp/arc/assets/labs.json を2026-09-10取得） ｜ 居室は2026年度シラバス・研究室HP・基盤理工学専攻教員紹介から部屋番号が見つからず
Ⅰ類（情報系）,デザイン思考・データサイエンスプログラム,加納 龍一 研究室,加納 龍一,西5号館,https://sites.google.com/gl.cc.uec.ac.jp/kanoh-lab,専攻: 情報学専攻 ｜ ラボガイド更新: 2026-08-14 ｜ 出典: https://www.uec.ac.jp/arc/laboguide.html （https://www.uec.ac.jp/arc/assets/labs.json を2026-09-10取得） ｜ 居室出典: 研究室HP https://sites.google.com/gl.cc.uec.ac.jp/kanoh-lab
Ⅱ類（融合系）,セキュリティ情報学プログラム,石上 嘉康 研究室,石上 嘉康,西3号館205,http://ishigamilab.starfree.jp/index.html,専攻: 情報学専攻 ｜ ラボガイド番号: Ⅱ類-01 ｜ ラボガイド更新: 2025-07-03 ｜ 出典: https://www.uec.ac.jp/arc/laboguide.html （https://www.uec.ac.jp/arc/assets/labs.json を2026-09-10取得） ｜ 居室出典: 2026年度シラバス https://kyoumu.office.uec.ac.jp/syllabus/2026/31/31_21224104.html
Ⅱ類（融合系）,セキュリティ情報学プログラム,市野 将嗣 研究室,市野 将嗣,西6号館711,http://www.ichino.lab.uec.ac.jp/,専攻: 情報学専攻 ｜ ラボガイド番号: Ⅱ類-02 ｜ ラボガイド更新: 2025-07-03 ｜ 出典: https://www.uec.ac.jp/arc/laboguide.html （https://www.uec.ac.jp/arc/assets/labs.json を2026-09-10取得） ｜ 居室出典: 2026年度シラバス https://kyoumu.office.uec.ac.jp/syllabus/2026/31/31_21224101.html
Ⅱ類（融合系）,セキュリティ情報学プログラム,岩本 貢・渡邉 洋平 研究室,岩本 貢・渡邉 洋平,岩本 貢: 東3号館924／渡邉 洋平: 東3号館928,https://iw-lab.jp/,専攻: 情報学専攻 ｜ ラボガイド番号: Ⅱ類-03 ｜ ラボガイド更新: 2026-04-13 ｜ 出典: https://www.uec.ac.jp/arc/laboguide.html （https://www.uec.ac.jp/arc/assets/labs.json を2026-09-10取得） ｜ 居室出典: 研究室HP https://iw-lab.jp/access/
Ⅱ類（融合系）,セキュリティ情報学プログラム,榎本 直也 研究室,榎本 直也,東1号館413,http://www.enomoto-naoya.e-one.uec.ac.jp/,専攻: 情報学専攻 ｜ ラボガイド番号: Ⅱ類-04 ｜ ラボガイド更新: 2025-07-03 ｜ 出典: https://www.uec.ac.jp/arc/laboguide.html （https://www.uec.ac.jp/arc/assets/labs.json を2026-09-10取得） ｜ 居室出典: 2026年度シラバス https://kyoumu.office.uec.ac.jp/syllabus/2026/31/31_21019133.html
Ⅱ類（融合系）,セキュリティ情報学プログラム,王 贇弢 研究室,王 贇弢,東2号館513,https://sites.google.com/view/yuntaowang/lab-jp?authuser=0,専攻: 情報学専攻 ｜ ラボガイド番号: Ⅱ類 ｜ ラボガイド更新: 2026-05-13 ｜ 出典: https://www.uec.ac.jp/arc/laboguide.html （https://www.uec.ac.jp/arc/assets/labs.json を2026-09-10取得） ｜ 居室出典: 研究室HP https://sites.google.com/view/yuntaowang/lab-jp?authuser=0
Ⅱ類（融合系）,セキュリティ情報学プログラム,大坐畠 智 研究室,大坐畠 智,西10号館721,https://www.net.lab.uec.ac.jp/,専攻: 情報学専攻 ｜ ラボガイド番号: Ⅱ類-05 ｜ ラボガイド更新: 2025-07-03 ｜ 出典: https://www.uec.ac.jp/arc/laboguide.html （https://www.uec.ac.jp/arc/assets/labs.json を2026-09-10取得） ｜ 居室出典: 研究室HP https://www.net.lab.uec.ac.jp/
Ⅱ類（融合系）,セキュリティ情報学プログラム,大野 真裕 研究室,大野 真裕,東1号館411,,専攻: 情報学専攻 ｜ ラボガイド番号: Ⅱ類-06 ｜ ラボガイド更新: 2025-07-03 ｜ ラボガイドに研究室URLなし ｜ 出典: https://www.uec.ac.jp/arc/laboguide.html （https://www.uec.ac.jp/arc/assets/labs.json を2026-09-10取得） ｜ 居室出典: 2026年度シラバス https://kyoumu.office.uec.ac.jp/syllabus/2026/31/31_21019116.html
Ⅱ類（融合系）,セキュリティ情報学プログラム,﨑山 一男・李 陽・宮原 大輝 研究室,﨑山 一男・李 陽・宮原 大輝,﨑山 一男: 東3号館927／李 陽: 東3号館828／宮原 大輝: 東3号館922,http://sakiyama-lab.jp/,"専攻: 情報学専攻 ｜ ラボガイド番号: Ⅱ類-07 ｜ ラボガイド更新: 2025-07-03 ｜ 出張講義: Ⅱ類-1
Ⅱ類-3／https://docs.google.com/spreadsheets/d/1uJxsIAV9MO5RpW4ZK4avdf7bVvsVnyvn/edit?gid=905872286#gid=905872286&range=A20／https://docs.google.com/spreadsheets/d/1uJxsIAV9MO5RpW4ZK4avdf7bVvsVnyvn/edit?gid=905872286#gid=905872286&range=A22 ｜ 夢ナビ: https://douga.yumenavi.info/Lecture/PublishDetail/2021000423?back= ｜ 追加URL: http://uec-li-lab.jp/ ｜ 出典: https://www.uec.ac.jp/arc/laboguide.html （https://www.uec.ac.jp/arc/assets/labs.json を2026-09-10取得） ｜ 居室出典: 研究室HP https://sakiyama-lab.jp/home/access/"
Ⅱ類（融合系）,セキュリティ情報学プログラム,菅原 健 研究室,菅原 健,西3号館218,https://www.sugawara-lab.jp,専攻: 情報学専攻 ｜ ラボガイド番号: Ⅱ類-08 ｜ ラボガイド更新: 2025-07-03 ｜ 出典: https://www.uec.ac.jp/arc/laboguide.html （https://www.uec.ac.jp/arc/assets/labs.json を2026-09-10取得） ｜ 居室出典: 研究室HP https://www.sugawara-lab.jp/access
Ⅱ類（融合系）,セキュリティ情報学プログラム,高田 哲司 研究室,高田 哲司,西6号館609,http://www.az.inf.uec.ac.jp/,専攻: 情報学専攻 ｜ ラボガイド番号: Ⅱ類-09 ｜ ラボガイド更新: 2025-07-03 ｜ 出張講義: Ⅱ類-2／https://docs.google.com/spreadsheets/d/1uJxsIAV9MO5RpW4ZK4avdf7bVvsVnyvn/edit?gid=905872286#gid=905872286&range=A21 ｜ 出典: https://www.uec.ac.jp/arc/laboguide.html （https://www.uec.ac.jp/arc/assets/labs.json を2026-09-10取得） ｜ 居室出典: 2026年度シラバス https://kyoumu.office.uec.ac.jp/syllabus/2026/31/31_21224105.html
Ⅱ類（融合系）,セキュリティ情報学プログラム,松本 光春 研究室,松本 光春,西3号館405,http://www.mm-labo.org,専攻: 情報学専攻 ｜ ラボガイド番号: Ⅱ類-10 ｜ ラボガイド更新: 2025-07-03 ｜ 出典: https://www.uec.ac.jp/arc/laboguide.html （https://www.uec.ac.jp/arc/assets/labs.json を2026-09-10取得） ｜ 居室出典: 研究室HP http://www.mm-labo.org/access.html
Ⅱ類（融合系）,セキュリティ情報学プログラム,山口 和彦 研究室,山口 和彦,東3号館919,http://www.is.uec.ac.jp/staff/list/ns/yamaguchi-kazuhiko.html,専攻: 情報学専攻 ｜ ラボガイド番号: Ⅱ類-11 ｜ ラボガイド更新: 2025-07-03 ｜ 出典: https://www.uec.ac.jp/arc/laboguide.html （https://www.uec.ac.jp/arc/assets/labs.json を2026-09-10取得） ｜ 居室出典: 2026年度シラバス https://kyoumu.office.uec.ac.jp/syllabus/2026/31/31_21222120.html
Ⅱ類（融合系）,セキュリティ情報学プログラム,山本 嶺 研究室,山本 嶺,西10号館722,https://www.net.lab.uec.ac.jp/yamamoto/,専攻: 情報学専攻 ｜ ラボガイド番号: Ⅱ類-12 ｜ ラボガイド更新: 2025-07-03 ｜ 出典: https://www.uec.ac.jp/arc/laboguide.html （https://www.uec.ac.jp/arc/assets/labs.json を2026-09-10取得） ｜ 居室出典: 2026年度シラバス https://kyoumu.office.uec.ac.jp/syllabus/2026/31/31_21224223.html
Ⅱ類（融合系）,情報通信工学プログラム,石川 亮 研究室,石川 亮,西1号館515,http://www.mwsys.cei.uec.ac.jp/,専攻: 情報・ネットワーク工学専攻 ｜ ラボガイド番号: Ⅱ類-14 ｜ ラボガイド更新: 2025-07-03 ｜ 出典: https://www.uec.ac.jp/arc/laboguide.html （https://www.uec.ac.jp/arc/assets/labs.json を2026-09-10取得） ｜ 居室出典: 2026年度シラバス https://kyoumu.office.uec.ac.jp/syllabus/2026/33/33_25232101.html
Ⅱ類（融合系）,情報通信工学プログラム,石橋 功至 研究室,石橋 功至,東10号館317,http://d-wise.awcc.uec.ac.jp,専攻: 情報・ネットワーク工学専攻 ｜ ラボガイド番号: Ⅱ類-15 ｜ ラボガイド更新: 2025-07-21 ｜ 追加URL: https://x.com/54xuec ｜ 出典: https://www.uec.ac.jp/arc/laboguide.html （https://www.uec.ac.jp/arc/assets/labs.json を2026-09-10取得） ｜ 居室出典: 研究室HP https://d-wise.awcc.uec.ac.jp/?page_id=237
Ⅱ類（融合系）,情報通信工学プログラム,大濱 靖匡・Santoso Bagus 研究室,大濱 靖匡・Santoso Bagus,大濱 靖匡: 西1号館405／Santoso Bagus: 西1号館417,http://www.osmulti.cei.uec.ac.jp/index.php,専攻: 情報・ネットワーク工学専攻 ｜ ラボガイド番号: Ⅱ類-17 ｜ ラボガイド更新: 2025-07-14 ｜ VideoUEC: https://www.youtube.com/shorts/ti_kJrf-8RU ｜ 出典: https://www.uec.ac.jp/arc/laboguide.html （https://www.uec.ac.jp/arc/assets/labs.json を2026-09-10取得） ｜ 居室出典: 2026年度シラバス https://kyoumu.office.uec.ac.jp/syllabus/2026/31/31_21224114.html
Ⅱ類（融合系）,情報通信工学プログラム,小川 朋宏 研究室,小川 朋宏,西10号館835,http://www.quest.is.uec.ac.jp/,専攻: 情報・ネットワーク工学専攻 ｜ ラボガイド番号: Ⅱ類-18 ｜ ラボガイド更新: 2025-07-03 ｜ 出典: https://www.uec.ac.jp/arc/laboguide.html （https://www.uec.ac.jp/arc/assets/labs.json を2026-09-10取得） ｜ 居室出典: 2026年度シラバス https://kyoumu.office.uec.ac.jp/syllabus/2026/31/31_21224139.html
Ⅱ類（融合系）,情報通信工学プログラム,Kitsuwan Nattapong 研究室,Kitsuwan Nattapong,東3号館1021,http://www.kitsuwan.cei.uec.ac.jp/,専攻: 情報・ネットワーク工学専攻 ｜ ラボガイド番号: Ⅱ類-20 ｜ ラボガイド更新: 2025-07-03 ｜ 出典: https://www.uec.ac.jp/arc/laboguide.html （https://www.uec.ac.jp/arc/assets/labs.json を2026-09-10取得） ｜ 居室出典: 2026年度シラバス https://kyoumu.office.uec.ac.jp/syllabus/2026/31/31_21224108.html
Ⅱ類（融合系）,情報通信工学プログラム,栗原 正純 研究室,栗原 正純,東3号館926,http://www.code.cei.uec.ac.jp/OpenLab/,専攻: 情報・ネットワーク工学専攻 ｜ ラボガイド番号: Ⅱ類-21 ｜ ラボガイド更新: 2025-07-03 ｜ 出典: https://www.uec.ac.jp/arc/laboguide.html （https://www.uec.ac.jp/arc/assets/labs.json を2026-09-10取得） ｜ 居室出典: 2026年度シラバス https://kyoumu.office.uec.ac.jp/syllabus/2026/31/31_21018119.html
Ⅱ類（融合系）,情報通信工学プログラム,尚 方 研究室,尚 方,西1号館505,http://app005.xsrv.jp/uec-shang/,専攻: 情報・ネットワーク工学専攻 ｜ ラボガイド番号: Ⅱ類-24 ｜ ラボガイド更新: 2025-07-03 ｜ 出典: https://www.uec.ac.jp/arc/laboguide.html （https://www.uec.ac.jp/arc/assets/labs.json を2026-09-10取得） ｜ 居室出典: 2026年度シラバス https://kyoumu.office.uec.ac.jp/syllabus/2026/31/31_21222203.html
Ⅱ類（融合系）,情報通信工学プログラム,鈴木 淳 研究室,鈴木 淳,西10号館343,http://www.q-phys.lab.uec.ac.jp/,専攻: 情報・ネットワーク工学専攻 ｜ ラボガイド番号: Ⅱ類-25 ｜ ラボガイド更新: 2025-07-03 ｜ 出張講義: Ⅱ類-4、5／https://docs.google.com/spreadsheets/d/1uJxsIAV9MO5RpW4ZK4avdf7bVvsVnyvn/edit?gid=905872286#gid=905872286&range=A23／https://docs.google.com/spreadsheets/d/1uJxsIAV9MO5RpW4ZK4avdf7bVvsVnyvn/edit?gid=905872286#gid=905872286&range=A24 ｜ 出典: https://www.uec.ac.jp/arc/laboguide.html （https://www.uec.ac.jp/arc/assets/labs.json を2026-09-10取得） ｜ 居室出典: 2026年度シラバス https://kyoumu.office.uec.ac.jp/syllabus/2026/31/31_21222122.html
Ⅱ類（融合系）,情報通信工学プログラム,田中 久陽 研究室,田中 久陽,西8号館817,http://synchro4.ee.uec.ac.jp/index.html,専攻: 情報・ネットワーク工学専攻 ｜ ラボガイド番号: Ⅱ類-28 ｜ ラボガイド更新: 2025-07-03 ｜ 出典: https://www.uec.ac.jp/arc/laboguide.html （https://www.uec.ac.jp/arc/assets/labs.json を2026-09-10取得） ｜ 居室出典: 2026年度シラバス https://kyoumu.office.uec.ac.jp/syllabus/2026/31/31_21018135.html
Ⅱ類（融合系）,情報通信工学プログラム,範 公可 研究室,範 公可,西8号館218,http://vlsilab.ee.uec.ac.jp/,専攻: 情報・ネットワーク工学専攻 ｜ ラボガイド番号: Ⅱ類-29 ｜ ラボガイド更新: 2025-07-03 ｜ 出典: https://www.uec.ac.jp/arc/laboguide.html （https://www.uec.ac.jp/arc/assets/labs.json を2026-09-10取得） ｜ 居室出典: 研究室HP http://vlsilab.ee.uec.ac.jp/vlsilab/contact
Ⅱ類（融合系）,情報通信工学プログラム,藤井 威生 研究室,藤井 威生,東10号館315,http://www.awcc.uec.ac.jp/fujiilab/,専攻: 情報・ネットワーク工学専攻 ｜ ラボガイド番号: Ⅱ類-30 ｜ ラボガイド更新: 2025-07-03 ｜ 出典: https://www.uec.ac.jp/arc/laboguide.html （https://www.uec.ac.jp/arc/assets/labs.json を2026-09-10取得） ｜ 居室出典: 2026年度シラバス https://kyoumu.office.uec.ac.jp/syllabus/2026/31/31_21224207.html
Ⅱ類（融合系）,情報通信工学プログラム,HOANG TRONG THUC 研究室,HOANG TRONG THUC,西1号館507,https://thuchoang90.github.io/,専攻: 情報・ネットワーク工学専攻 ｜ ラボガイド番号: Ⅱ類-31 ｜ ラボガイド更新: 2025-07-03 ｜ 出典: https://www.uec.ac.jp/arc/laboguide.html （https://www.uec.ac.jp/arc/assets/labs.json を2026-09-10取得） ｜ 居室出典: 2026年度シラバス https://kyoumu.office.uec.ac.jp/syllabus/2026/33/33_25232252.html
Ⅱ類（融合系）,情報通信工学プログラム,細川 敬祐 研究室,細川 敬祐,西2号館612,http://gwave.cei.uec.ac.jp/,専攻: 情報・ネットワーク工学専攻 ｜ ラボガイド番号: Ⅱ類-32 ｜ ラボガイド更新: 2025-07-03 ｜ VideoUEC: https://www.youtube.com/watch?v=3diy1DqrIRE ｜ 出典: https://www.uec.ac.jp/arc/laboguide.html （https://www.uec.ac.jp/arc/assets/labs.json を2026-09-10取得） ｜ 居室出典: 2026年度シラバス https://kyoumu.office.uec.ac.jp/syllabus/2026/31/31_21222113.html
Ⅱ類（融合系）,情報通信工学プログラム,松浦 基晴 研究室,松浦 基晴,東3号館1028,http://www.mm.cei.uec.ac.jp/index.html,専攻: 情報・ネットワーク工学専攻 ｜ ラボガイド番号: Ⅱ類-33 ｜ ラボガイド更新: 2025-07-03 ｜ 夢ナビ: https://talk.yumenavi.info/archives/2651?site=d&close=true ｜ VideoUEC: https://www.youtube.com/watch?v=dlviaXbRsK4 ｜ 出典: https://www.uec.ac.jp/arc/laboguide.html （https://www.uec.ac.jp/arc/assets/labs.json を2026-09-10取得） ｜ 居室出典: 研究室HP https://www.mm.cei.uec.ac.jp/index.html
Ⅱ類（融合系）,情報通信工学プログラム,八木 秀樹 研究室,八木 秀樹,西1号館407,http://www.ict.cei.uec.ac.jp/yagilab/,専攻: 情報・ネットワーク工学専攻 ｜ ラボガイド番号: Ⅱ類-34 ｜ ラボガイド更新: 2025-07-03 ｜ 出典: https://www.uec.ac.jp/arc/laboguide.html （https://www.uec.ac.jp/arc/assets/labs.json を2026-09-10取得） ｜ 居室出典: 2026年度シラバス https://kyoumu.office.uec.ac.jp/syllabus/2026/31/31_21224115.html
Ⅱ類（融合系）,電子情報学プログラム,安藤 芳晃 研究室,安藤 芳晃,西2号館705,http://www.emlab.cei.uec.ac.jp/,専攻: 情報・ネットワーク工学専攻 ｜ ラボガイド番号: Ⅱ類-35 ｜ ラボガイド更新: 2025-10-30 ｜ 追加URL: https://www.youtube.com/@%E5%AE%89%E8%97%A4%E8%8A%B3%E6%99%83 ｜ 出典: https://www.uec.ac.jp/arc/laboguide.html （https://www.uec.ac.jp/arc/assets/labs.json を2026-09-10取得） ｜ 居室出典: 2026年度シラバス https://kyoumu.office.uec.ac.jp/syllabus/2026/31/31_21224204.html
Ⅱ類（融合系）,電子情報学プログラム,田尻 武義 研究室,田尻 武義,東31号館203,http://www.w3-4f5f.ee.uec.ac.jp/,専攻: 情報・ネットワーク工学専攻 ｜ ラボガイド番号: Ⅱ類-36 ｜ ラボガイド更新: 2025-07-03 ｜ 出典: https://www.uec.ac.jp/arc/laboguide.html （https://www.uec.ac.jp/arc/assets/labs.json を2026-09-10取得） ｜ 居室出典: 研究室HP https://www2.w3-4f5f.ee.uec.ac.jp/wp/member/
Ⅱ類（融合系）,電子情報学プログラム,小野 哲 研究室,小野 哲,西2号館805,http://www.s-ono.lab.uec.ac.jp/,専攻: 情報・ネットワーク工学専攻 ｜ ラボガイド番号: Ⅱ類-37 ｜ ラボガイド更新: 2025-07-03 ｜ 出張講義: Ⅱ類-6／https://docs.google.com/spreadsheets/d/1uJxsIAV9MO5RpW4ZK4avdf7bVvsVnyvn/edit?gid=905872286#gid=905872286&range=A25 ｜ 出典: https://www.uec.ac.jp/arc/laboguide.html （https://www.uec.ac.jp/arc/assets/labs.json を2026-09-10取得） ｜ 居室出典: 研究室HP https://www.s-ono.lab.uec.ac.jp/access.html
Ⅱ類（融合系）,電子情報学プログラム,萓野 良樹 研究室,萓野 良樹,西2号館717,http://www.kayanolab.cei.uec.ac.jp/index.html,専攻: 情報・ネットワーク工学専攻 ｜ ラボガイド番号: Ⅱ類-38 ｜ ラボガイド更新: 2025-07-03 ｜ 出典: https://www.uec.ac.jp/arc/laboguide.html （https://www.uec.ac.jp/arc/assets/labs.json を2026-09-10取得） ｜ 居室出典: 2026年度シラバス https://kyoumu.office.uec.ac.jp/syllabus/2026/33/33_25232103.html
Ⅱ類（融合系）,電子情報学プログラム,菊池 博史 研究室,菊池 博史,,https://kikuchilabssre.wixsite.com/weatherlab,専攻: 情報・ネットワーク工学専攻 ｜ ラボガイド番号: Ⅱ類-39 ｜ ラボガイド更新: 2025-07-03 ｜ 出典: https://www.uec.ac.jp/arc/laboguide.html （https://www.uec.ac.jp/arc/assets/labs.json を2026-09-10取得） ｜ 居室は2026年度シラバス・研究室HP・基盤理工学専攻教員紹介から部屋番号が見つからず
Ⅱ類（融合系）,電子情報学プログラム,木寺 正平 研究室,木寺 正平,西2号館607,https://www.ems.cei.uec.ac.jp/,専攻: 情報・ネットワーク工学専攻 ｜ ラボガイド番号: Ⅱ類-40 ｜ ラボガイド更新: 2025-10-15 ｜ 出張講義: Ⅱ類-7／https://docs.google.com/spreadsheets/d/1uJxsIAV9MO5RpW4ZK4avdf7bVvsVnyvn/edit?gid=905872286#gid=905872286&range=A26 ｜ 夢ナビ: https://douga.yumenavi.info/Lecture/PublishDetail/2017256160?back= ｜ 追加URL: https://x.com/UEC77162149?ref_src=twsrc%5Etfw ｜ 出典: https://www.uec.ac.jp/arc/laboguide.html （https://www.uec.ac.jp/arc/assets/labs.json を2026-09-10取得） ｜ 居室出典: 研究室HP https://www.ems.cei.uec.ac.jp/
Ⅱ類（融合系）,電子情報学プログラム,肖 鳳超 研究室,肖 鳳超,西2号館727,http://www.emclab.cei.uec.ac.jp/,専攻: 情報・ネットワーク工学専攻 ｜ ラボガイド番号: Ⅱ類-41 ｜ ラボガイド更新: 2025-07-03 ｜ 出典: https://www.uec.ac.jp/arc/laboguide.html （https://www.uec.ac.jp/arc/assets/labs.json を2026-09-10取得） ｜ 居室出典: 2026年度シラバス https://kyoumu.office.uec.ac.jp/syllabus/2026/33/33_25232103.html
Ⅱ類（融合系）,電子情報学プログラム,高橋 弘太 研究室,高橋 弘太,西2号館629,http://www.it.cei.uec.ac.jp/,専攻: 情報・ネットワーク工学専攻 ｜ ラボガイド番号: Ⅱ類-42 ｜ ラボガイド更新: 2025-07-03 ｜ VideoUEC: https://www.youtube.com/watch?v=BqEm1QJWHWM ｜ 出典: https://www.uec.ac.jp/arc/laboguide.html （https://www.uec.ac.jp/arc/assets/labs.json を2026-09-10取得） ｜ 居室出典: 研究室HP https://www.it.cei.uec.ac.jp/
Ⅱ類（融合系）,電子情報学プログラム,張 熙 研究室,張 熙,西2号館505,http://www.xiz.cei.uec.ac.jp/,専攻: 情報・ネットワーク工学専攻 ｜ ラボガイド番号: Ⅱ類-43 ｜ ラボガイド更新: 2025-07-15 ｜ 出典: https://www.uec.ac.jp/arc/laboguide.html （https://www.uec.ac.jp/arc/assets/labs.json を2026-09-10取得） ｜ 居室出典: 2026年度シラバス https://kyoumu.office.uec.ac.jp/syllabus/2026/33/33_25231110.html
Ⅱ類（融合系）,電子情報学プログラム,津田 卓雄 研究室,津田 卓雄,西2号館617,http://ttt01.cei.uec.ac.jp/,専攻: 情報・ネットワーク工学専攻 ｜ ラボガイド番号: Ⅱ類-44 ｜ ラボガイド更新: 2025-07-03 ｜ 出張講義: Ⅱ類-8／https://docs.google.com/spreadsheets/d/1uJxsIAV9MO5RpW4ZK4avdf7bVvsVnyvn/edit?gid=905872286#gid=905872286&range=A27 ｜ 出典: https://www.uec.ac.jp/arc/laboguide.html （https://www.uec.ac.jp/arc/assets/labs.json を2026-09-10取得） ｜ 居室出典: 2026年度シラバス https://kyoumu.office.uec.ac.jp/syllabus/2026/31/31_21222205.html
Ⅱ類（融合系）,電子情報学プログラム,西 一樹 研究室,西 一樹,西2号館710,http://nishi-lab.cei.uec.ac.jp/,専攻: 情報・ネットワーク工学専攻 ｜ ラボガイド番号: Ⅱ類-45 ｜ ラボガイド更新: 2025-07-03 ｜ 出典: https://www.uec.ac.jp/arc/laboguide.html （https://www.uec.ac.jp/arc/assets/labs.json を2026-09-10取得） ｜ 居室出典: 研究室HP https://nishi-lab.cei.uec.ac.jp/
Ⅱ類（融合系）,電子情報学プログラム,野村 英之 研究室,野村 英之,西2号館527,http://www.acelec.cei.uec.ac.jp/,専攻: 情報・ネットワーク工学専攻 ｜ ラボガイド番号: Ⅱ類-46 ｜ ラボガイド更新: 2025-07-03 ｜ 出張講義: Ⅱ類-9／https://docs.google.com/spreadsheets/d/1uJxsIAV9MO5RpW4ZK4avdf7bVvsVnyvn/edit?gid=905872286#gid=905872286&range=A28 ｜ 夢ナビ: https://douga.yumenavi.info/Lecture/PublishDetail/2023002427 ｜ 出典: https://www.uec.ac.jp/arc/laboguide.html （https://www.uec.ac.jp/arc/assets/labs.json を2026-09-10取得） ｜ 居室出典: 研究室HP https://www.acelec.cei.uec.ac.jp/
Ⅱ類（融合系）,電子情報学プログラム,芳原 容英 研究室,芳原 容英,西2号館827,http://www.muse.ee.uec.ac.jp/new_hp/index.html,専攻: 情報・ネットワーク工学専攻 ｜ ラボガイド番号: Ⅱ類-47 ｜ ラボガイド更新: 2025-07-03 ｜ 夢ナビ: https://talk.yumenavi.info/archives/1710?site=d&close=true ｜ 出典: https://www.uec.ac.jp/arc/laboguide.html （https://www.uec.ac.jp/arc/assets/labs.json を2026-09-10取得） ｜ 居室出典: 研究室HP https://www.muse.ee.uec.ac.jp/new_hp/index.html
Ⅱ類（融合系）,電子情報学プログラム,村上 靖宜 研究室,村上 靖宜,東2号館614,https://sites.google.com/view/murakamilab/,専攻: 情報・ネットワーク工学専攻 ｜ ラボガイド番号: Ⅱ類-48 ｜ ラボガイド更新: 2025-07-03 ｜ 出典: https://www.uec.ac.jp/arc/laboguide.html （https://www.uec.ac.jp/arc/assets/labs.json を2026-09-10取得） ｜ 居室出典: 研究室HP https://sites.google.com/view/murakamilab/
Ⅱ類（融合系）,電子情報学プログラム,吉田 太一 研究室,吉田 太一,西2号館301,https://sites.google.com/iwalab.org/lab-web,専攻: 情報・ネットワーク工学専攻 ｜ ラボガイド番号: Ⅱ類-49 ｜ ラボガイド更新: 2025-07-03 ｜ 出典: https://www.uec.ac.jp/arc/laboguide.html （https://www.uec.ac.jp/arc/assets/labs.json を2026-09-10取得） ｜ 居室出典: 研究室HP https://sites.google.com/iwalab.org/lab-web/location
Ⅱ類（融合系）,電子情報学プログラム,李 鯤 研究室,李 鯤,東10号館313,https://kunli-awcc.github.io/kl.github.io/,専攻: 情報・ネットワーク工学専攻 ｜ ラボガイド番号: Ⅱ類-50 ｜ ラボガイド更新: 2025-07-03 ｜ 出典: https://www.uec.ac.jp/arc/laboguide.html （https://www.uec.ac.jp/arc/assets/labs.json を2026-09-10取得） ｜ 居室出典: 2026年度シラバス https://kyoumu.office.uec.ac.jp/syllabus/2026/33/33_25231106.html
Ⅱ類（融合系）,電子情報学プログラム,劉 志 研究室,劉 志,東2号館611,https://liuzhiabc.github.io/,専攻: 情報・ネットワーク工学専攻 ｜ ラボガイド番号: Ⅱ類-51 ｜ ラボガイド更新: 2025-07-14 ｜ 出典: https://www.uec.ac.jp/arc/laboguide.html （https://www.uec.ac.jp/arc/assets/labs.json を2026-09-10取得） ｜ 居室出典: 研究室HP https://liuzhiabc.github.io/
Ⅱ類（融合系）,電子情報学プログラム,鷲沢 嘉一 研究室,鷲沢 嘉一,西1号館502,http://wasip.cei.uec.ac.jp/,専攻: 情報・ネットワーク工学専攻 ｜ ラボガイド番号: Ⅱ類-52 ｜ ラボガイド更新: 2025-07-03 ｜ 出典: https://www.uec.ac.jp/arc/laboguide.html （https://www.uec.ac.jp/arc/assets/labs.json を2026-09-10取得） ｜ 居室出典: 2026年度シラバス https://kyoumu.office.uec.ac.jp/syllabus/2026/33/33_25231110.html
Ⅱ類（融合系）,電子情報学プログラム,和田 光司 研究室,和田 光司,西2号館823,http://www.k-wada.lab.uec.ac.jp/,専攻: 情報・ネットワーク工学専攻 ｜ ラボガイド番号: Ⅱ類-53 ｜ ラボガイド更新: 2026-06-02 ｜ 出張講義: Ⅱ類-10／https://docs.google.com/spreadsheets/d/1uJxsIAV9MO5RpW4ZK4avdf7bVvsVnyvn/edit?gid=905872286#gid=905872286&range=A29 ｜ 夢ナビ: https://douga.yumenavi.info/Lecture/PublishDetail/2025005298 ｜ 追加URL: https://search.ieice.org/bin/summary.php?id=j109-c_1_13&category=-C&year=2026&lang=J&abst= ｜ 出典: https://www.uec.ac.jp/arc/laboguide.html （https://www.uec.ac.jp/arc/assets/labs.json を2026-09-10取得） ｜ 居室出典: 研究室HP https://www.k-wada.lab.uec.ac.jp/overview.html
Ⅱ類（融合系）,計測・制御システムプログラム,秋田 学 研究室,秋田 学,西8号館609,http://akita.lab.uec.ac.jp/wordpress/,専攻: 機械知能システム学専攻 ｜ ラボガイド番号: Ⅱ類-54 ｜ ラボガイド更新: 2025-07-03 ｜ 出典: https://www.uec.ac.jp/arc/laboguide.html （https://www.uec.ac.jp/arc/assets/labs.json を2026-09-10取得） ｜ 居室出典: 研究室HP https://akita.lab.uec.ac.jp/wordpress/access/
Ⅱ類（融合系）,計測・制御システムプログラム,安藤 創一 研究室,安藤 創一,東1号館401,https://sites.google.com/view/sports-science-lab/home,専攻: 機械知能システム学専攻 ｜ ラボガイド番号: Ⅱ類-55 ｜ ラボガイド更新: 2025-07-03 ｜ 出典: https://www.uec.ac.jp/arc/laboguide.html （https://www.uec.ac.jp/arc/assets/labs.json を2026-09-10取得） ｜ 居室出典: 研究室HP https://sites.google.com/view/sports-science-lab/contact
Ⅱ類（融合系）,計測・制御システムプログラム,岡田 英孝 研究室,岡田 英孝,東1号館407,https://www.uec.ac.jp/research/information/opal-ring/0000499.html,専攻: 機械知能システム学専攻 ｜ ラボガイド番号: Ⅱ類-56 ｜ ラボガイド更新: 2025-07-03 ｜ 出張講義: Ⅱ類-12／https://docs.google.com/spreadsheets/d/1uJxsIAV9MO5RpW4ZK4avdf7bVvsVnyvn/edit?gid=905872286#gid=905872286&range=A31 ｜ VideoUEC: https://www.youtube.com/watch?v=lmAVWi9UMpM ｜ 出典: https://www.uec.ac.jp/arc/laboguide.html （https://www.uec.ac.jp/arc/assets/labs.json を2026-09-10取得） ｜ 居室出典: 2026年度シラバス https://kyoumu.office.uec.ac.jp/syllabus/2026/31/31_21016129.html
Ⅱ類（融合系）,計測・制御システムプログラム,金子 修 研究室,金子 修,東3号館618,http://www.sc.lab.uec.ac.jp/,専攻: 機械知能システム学専攻 ｜ ラボガイド番号: Ⅱ類-57 ｜ ラボガイド更新: 2025-07-03 ｜ 夢ナビ: https://douga.yumenavi.info/Lecture/PublishDetail/2018253520?back= ｜ 出典: https://www.uec.ac.jp/arc/laboguide.html （https://www.uec.ac.jp/arc/assets/labs.json を2026-09-10取得） ｜ 居室出典: 研究室HP https://www.sc.lab.uec.ac.jp/
Ⅱ類（融合系）,計測・制御システムプログラム,小池 卓二 研究室,小池 卓二,東4号館729,http://www.bio.mce.uec.ac.jp/,専攻: 機械知能システム学専攻 ｜ ラボガイド番号: Ⅱ類-58 ｜ ラボガイド更新: 2026-04-27 ｜ 出張講義: Ⅱ類-13／https://docs.google.com/spreadsheets/d/1uJxsIAV9MO5RpW4ZK4avdf7bVvsVnyvn/edit?gid=905872286#gid=905872286&range=A32 ｜ 夢ナビ: https://douga.yumenavi.info/Lecture/PublishDetail/2015224561?back= ｜ VideoUEC: https://www.youtube.com/watch?v=BPGMCNE2pLE ｜ 出典: https://www.uec.ac.jp/arc/laboguide.html （https://www.uec.ac.jp/arc/assets/labs.json を2026-09-10取得） ｜ 居室出典: 2026年度シラバス https://kyoumu.office.uec.ac.jp/syllabus/2026/33/33_25332202.html
Ⅱ類（融合系）,計測・制御システムプログラム,小木曽 公尚 研究室,小木曽 公尚,東4号館813,https://kimilab.tokyo/,専攻: 機械知能システム学専攻 ｜ ラボガイド番号: Ⅱ類-59 ｜ ラボガイド更新: 2025-07-03 ｜ 出典: https://www.uec.ac.jp/arc/laboguide.html （https://www.uec.ac.jp/arc/assets/labs.json を2026-09-10取得） ｜ 居室出典: 2026年度シラバス https://kyoumu.office.uec.ac.jp/syllabus/2026/31/31_21222123.html
Ⅱ類（融合系）,計測・制御システムプログラム,佐藤 俊治・饗庭 絵里子 研究室,佐藤 俊治・饗庭 絵里子,佐藤 俊治: 西10号館421／饗庭 絵里子: 西10号館420,https://human-informatics.jp/,専攻: 機械知能システム学専攻｜情報学専攻 ｜ ラボガイド番号: Ⅱ類-60(Ⅰ類-11) ｜ ラボガイド更新: 2025-07-03 ｜ 出張講義: Ⅱ類-11／https://docs.google.com/spreadsheets/d/1uJxsIAV9MO5RpW4ZK4avdf7bVvsVnyvn/edit?gid=905872286#gid=905872286&range=A30 ｜ 出典: https://www.uec.ac.jp/arc/laboguide.html （https://www.uec.ac.jp/arc/assets/labs.json を2026-09-10取得） ｜ 居室出典: 2026年度シラバス https://kyoumu.office.uec.ac.jp/syllabus/2026/31/31_21222103.html
Ⅱ類（融合系）,計測・制御システムプログラム,定本 知徳 研究室,定本 知徳,西10号館344,https://sites.google.com/gl.cc.uec.ac.jp/sadamoto-lab/,専攻: 機械知能システム学専攻 ｜ ラボガイド番号: Ⅱ類-61 ｜ ラボガイド更新: 2025-07-03 ｜ VideoUEC: https://www.youtube.com/shorts/2WFuiPycrNg ｜ 出典: https://www.uec.ac.jp/arc/laboguide.html （https://www.uec.ac.jp/arc/assets/labs.json を2026-09-10取得） ｜ 居室出典: 2026年度シラバス https://kyoumu.office.uec.ac.jp/syllabus/2026/31/31_21224120.html
Ⅱ類（融合系）,計測・制御システムプログラム,清 雄一 研究室,清 雄一,西10号館729,http://www.sei.lab.uec.ac.jp/,専攻: 機械知能システム学専攻｜情報学専攻 ｜ ラボガイド番号: Ⅱ類-63(Ⅰ類-03) ｜ ラボガイド更新: 2025-10-15 ｜ 出典: https://www.uec.ac.jp/arc/laboguide.html （https://www.uec.ac.jp/arc/assets/labs.json を2026-09-10取得） ｜ 居室出典: 2026年度シラバス https://kyoumu.office.uec.ac.jp/syllabus/2026/31/31_21124240.html
Ⅱ類（融合系）,計測・制御システムプログラム,孫 光鎬 研究室,孫 光鎬,西2号館205,https://sun-melab.com/,専攻: 機械知能システム学専攻｜情報学専攻 ｜ ラボガイド番号: Ⅱ類-64(Ⅰ類-16) ｜ ラボガイド更新: 2025-07-03 ｜ 出典: https://www.uec.ac.jp/arc/laboguide.html （https://www.uec.ac.jp/arc/assets/labs.json を2026-09-10取得） ｜ 居室出典: 研究室HP https://sun-melab.com/Contact
Ⅱ類（融合系）,計測・制御システムプログラム,舩戸 徹郎 研究室,舩戸 徹郎,西2号館227,https://www.funato.lab.uec.ac.jp/,専攻: 機械知能システム学専攻 ｜ ラボガイド番号: Ⅱ類-65 ｜ ラボガイド更新: 2025-07-14 ｜ VideoUEC: https://drive.google.com/file/d/1BhrweeHmaIPCjV7PdUlWvMXKfTowbhD1/view?t=122 ｜ 出典: https://www.uec.ac.jp/arc/laboguide.html （https://www.uec.ac.jp/arc/assets/labs.json を2026-09-10取得） ｜ 居室出典: 研究室HP https://www.funato.lab.uec.ac.jp/access
Ⅱ類（融合系）,計測・制御システムプログラム,正本 和人 研究室,正本 和人,東4号館617,http://www.nvu.mi.uec.ac.jp/,専攻: 機械知能システム学専攻 ｜ ラボガイド番号: Ⅱ類-66 ｜ ラボガイド更新: 2026-04-22 ｜ 出典: https://www.uec.ac.jp/arc/laboguide.html （https://www.uec.ac.jp/arc/assets/labs.json を2026-09-10取得） ｜ 居室出典: 研究室HP https://www.nvu.mi.uec.ac.jp/contact.html
Ⅱ類（融合系）,計測・制御システムプログラム,村松 大陸 研究室,村松 大陸,西8号館617,https://mdairoku.com/,専攻: 機械知能システム学専攻 ｜ ラボガイド番号: Ⅱ類-67 ｜ ラボガイド更新: 2025-08-16 ｜ 出張講義: https://docs.google.com/spreadsheets/d/1uJxsIAV9MO5RpW4ZK4avdf7bVvsVnyvn/edit?gid=905872286#gid=905872286&range=A34／https://docs.google.com/spreadsheets/d/1uJxsIAV9MO5RpW4ZK4avdf7bVvsVnyvn/edit?gid=905872286#gid=905872286&range=A35 ｜ VideoUEC: https://www.youtube.com/shorts/v9R00jvkdjQ ｜ 追加URL: https://x.com/muramatsu_lab ｜ 出典: https://www.uec.ac.jp/arc/laboguide.html （https://www.uec.ac.jp/arc/assets/labs.json を2026-09-10取得） ｜ 居室出典: 2026年度シラバス https://kyoumu.office.uec.ac.jp/syllabus/2026/33/33_25331105.html
Ⅱ類（融合系）,計測・制御システムプログラム,宮脇 陽一 研究室,宮脇 陽一,東4号館620,http://www.cns.mi.uec.ac.jp/,専攻: 機械知能システム学専攻｜情報学専攻 ｜ ラボガイド番号: Ⅱ類-68(Ⅰ類-26) ｜ ラボガイド更新: 2025-07-03 ｜ 出張講義: Ⅱ類-14／https://docs.google.com/spreadsheets/d/1uJxsIAV9MO5RpW4ZK4avdf7bVvsVnyvn/edit?gid=905872286#gid=905872286&range=A33 ｜ 夢ナビ: https://yumenavi.info/vue/lecture.html?University=V&SearchMod=4&SerKbn=3&ProId=WNF026&Page=1&GNKCD=g006402&KeyWord=%E9%9B%BB%E6%B0%97%E9%80%9A%E4%BF%A1%E5%A4%A7%E5%AD%A6&back=&CLGAKOCD=033840&mxorder=&gakubunm=&gakkanm=&From=portal ｜ VideoUEC: https://www.youtube.com/shorts/kFRez7XD9kU ｜ 出典: https://www.uec.ac.jp/arc/laboguide.html （https://www.uec.ac.jp/arc/assets/labs.json を2026-09-10取得） ｜ 居室出典: 研究室HP https://www.cns.mi.uec.ac.jp/Contacts_j.html
Ⅱ類（融合系）,先端ロボティクスプログラム,内田 雅文 研究室,内田 雅文,西8号館805,http://ulab.ee.uec.ac.jp/,専攻: 機械知能システム学専攻 ｜ ラボガイド番号: Ⅱ類-69 ｜ ラボガイド更新: 2025-07-03 ｜ 出張講義: Ⅱ類-15／https://docs.google.com/spreadsheets/d/1uJxsIAV9MO5RpW4ZK4avdf7bVvsVnyvn/edit?gid=905872286#gid=905872286&range=A36 ｜ 出典: https://www.uec.ac.jp/arc/laboguide.html （https://www.uec.ac.jp/arc/assets/labs.json を2026-09-10取得） ｜ 居室出典: 研究室HP https://sites.google.com/gl.cc.uec.ac.jp/uec-ulab/home
Ⅱ類（融合系）,先端ロボティクスプログラム,金森 哉吏 研究室,金森 哉吏,東4号館303,http://www.rmc.mce.uec.ac.jp/,専攻: 機械知能システム学専攻 ｜ ラボガイド番号: Ⅱ類-70 ｜ ラボガイド更新: 2025-07-03 ｜ 出張講義: Ⅱ類-16／https://docs.google.com/spreadsheets/d/1uJxsIAV9MO5RpW4ZK4avdf7bVvsVnyvn/edit?gid=905872286#gid=905872286&range=A37 ｜ 夢ナビ: https://yumenavi.info/vue/lecture.html?University=V&SearchMod=4&SerKbn=3&ProId=WNF026&Page=1&GNKCD=g004591&KeyWord=%E9%9B%BB%E6%B0%97%E9%80%9A%E4%BF%A1%E5%A4%A7%E5%AD%A6&back=&CLGAKOCD=033840&mxorder=&gakubunm=&gakkanm=&From=portal ｜ VideoUEC: https://www.youtube.com/watch?v=VfyTzg6hAJk ｜ 出典: https://www.uec.ac.jp/arc/laboguide.html （https://www.uec.ac.jp/arc/assets/labs.json を2026-09-10取得） ｜ 居室出典: 研究室HP https://www.rmc.mce.uec.ac.jp/
Ⅱ類（融合系）,先端ロボティクスプログラム,菅 哲朗 研究室,菅 哲朗,東4号館304,http://www.ms.mi.uec.ac.jp,"専攻: 機械知能システム学専攻 ｜ ラボガイド番号: Ⅱ類-71 ｜ ラボガイド更新: 2025-07-03 ｜ 出張講義: Ⅱ類-17／https://docs.google.com/spreadsheets/d/1uJxsIAV9MO5RpW4ZK4avdf7bVvsVnyvn/edit?gid=905872286#gid=905872286&range=A38 ｜ 追加URL: https://kanlab-uec.amebaownd.com/, https://x.com/kan_uec ｜ 出典: https://www.uec.ac.jp/arc/laboguide.html （https://www.uec.ac.jp/arc/assets/labs.json を2026-09-10取得） ｜ 居室出典: 2026年度シラバス https://kyoumu.office.uec.ac.jp/syllabus/2026/31/31_21224281.html"
Ⅱ類（融合系）,先端ロボティクスプログラム,木村 航平 研究室,木村 航平,東2号館607,http://www.robo.lab.uec.ac.jp/,専攻: 機械知能システム学専攻｜情報学専攻 ｜ ラボガイド番号: Ⅱ類-72(Ⅰ類-07) ｜ ラボガイド更新: 2025-07-03 ｜ 出典: https://www.uec.ac.jp/arc/laboguide.html （https://www.uec.ac.jp/arc/assets/labs.json を2026-09-10取得） ｜ 居室出典: 2026年度シラバス https://kyoumu.office.uec.ac.jp/syllabus/2026/31/31_21124213.html
Ⅱ類（融合系）,先端ロボティクスプログラム,工藤 俊亮 研究室,工藤 俊亮,東2号館605,http://www.robo.lab.uec.ac.jp/,専攻: 機械知能システム学専攻｜情報学専攻 ｜ ラボガイド番号: Ⅱ類-73(Ⅰ類-08) ｜ ラボガイド更新: 2025-07-03 ｜ 出典: https://www.uec.ac.jp/arc/laboguide.html （https://www.uec.ac.jp/arc/assets/labs.json を2026-09-10取得） ｜ 居室出典: 2026年度シラバス https://kyoumu.office.uec.ac.jp/syllabus/2026/33/33_25023209.html
Ⅱ類（融合系）,先端ロボティクスプログラム,小泉 憲裕 研究室,小泉 憲裕,東4号館625,http://www.medigit.mi.uec.ac.jp/,専攻: 機械知能システム学専攻 ｜ ラボガイド番号: Ⅱ類-74 ｜ ラボガイド更新: 2026-04-16 ｜ 出張講義: Ⅱ類-18／https://docs.google.com/spreadsheets/d/1uJxsIAV9MO5RpW4ZK4avdf7bVvsVnyvn/edit?gid=905872286#gid=905872286&range=A39 ｜ 夢ナビ: https://douga.yumenavi.info/Lecture/PublishDetail/2022001471?back= ｜ VideoUEC: https://www.youtube.com/watch?v=w7TP2yjjCpU ｜ 追加URL: http://ksmr.or.kr/accas2024/ ｜ 出典: https://www.uec.ac.jp/arc/laboguide.html （https://www.uec.ac.jp/arc/assets/labs.json を2026-09-10取得） ｜ 居室出典: 研究室HP https://www.medigit.mi.uec.ac.jp/access.html
Ⅱ類（融合系）,先端ロボティクスプログラム,姜 銀来 研究室,姜 銀来,東4号館603,http://www.hi.mce.uec.ac.jp/yklab/,専攻: 機械知能システム学専攻｜共同サステイナビリティ研究専攻 ｜ ラボガイド番号: Ⅱ類-75 ｜ ラボガイド更新: 2025-07-03 ｜ VideoUEC: https://www.youtube.com/shorts/EwcyVHMwf_Q ｜ 出典: https://www.uec.ac.jp/arc/laboguide.html （https://www.uec.ac.jp/arc/assets/labs.json を2026-09-10取得） ｜ 居室出典: 研究室HP https://www.hi.mce.uec.ac.jp/yklab/
Ⅱ類（融合系）,先端ロボティクスプログラム,新竹 純 研究室,新竹 純,東4号館702,https://www.shintakelab.net/,専攻: 機械知能システム学専攻 ｜ ラボガイド番号: Ⅱ類-76 ｜ ラボガイド更新: 2025-07-03 ｜ 出典: https://www.uec.ac.jp/arc/laboguide.html （https://www.uec.ac.jp/arc/assets/labs.json を2026-09-10取得） ｜ 居室出典: 研究室HP https://www.shintakelab.net/contact
Ⅱ類（融合系）,先端ロボティクスプログラム,杉 正夫 研究室,杉 正夫,東4号館522,http://www.hi.mce.uec.ac.jp/sugi-lab/index-j.html,専攻: 機械知能システム学専攻 ｜ ラボガイド番号: Ⅱ類-77 ｜ ラボガイド更新: 2025-07-03 ｜ 出典: https://www.uec.ac.jp/arc/laboguide.html （https://www.uec.ac.jp/arc/assets/labs.json を2026-09-10取得） ｜ 居室出典: 研究室HP https://www.hi.mce.uec.ac.jp/sugi-lab/contact.html
Ⅱ類（融合系）,先端ロボティクスプログラム,田中 一男 研究室,田中 一男,東4号館403,https://sites.google.com/site/tanaka2lab/,専攻: 機械知能システム学専攻 ｜ ラボガイド番号: Ⅱ類-78 ｜ ラボガイド更新: 2025-07-03 ｜ 出典: https://www.uec.ac.jp/arc/laboguide.html （https://www.uec.ac.jp/arc/assets/labs.json を2026-09-10取得） ｜ 居室出典: 2026年度シラバス https://kyoumu.office.uec.ac.jp/syllabus/2026/33/33_25332209.html
Ⅱ類（融合系）,先端ロボティクスプログラム,田中 基康 研究室,田中 基康,東4号館402,https://sites.google.com/site/motoyasutanakalab/home,専攻: 機械知能システム学専攻 ｜ ラボガイド番号: Ⅱ類-79 ｜ ラボガイド更新: 2026-04-13 ｜ 出張講義: Ⅱ類-19／https://docs.google.com/spreadsheets/d/1uJxsIAV9MO5RpW4ZK4avdf7bVvsVnyvn/edit?gid=905872286#gid=905872286&range=A40 ｜ 夢ナビ: https://douga.yumenavi.info/Lecture/PublishDetail/2020216580?back= ｜ VideoUEC: https://www.youtube.com/watch?v=UezJ_Jhoydc／https://www.youtube.com/watch?v=APcQquCc0wI／https://www.youtube.com/shorts/WimyI5p8AkY ｜ 追加URL: https://x.com/motoyasutanaka ｜ 出典: https://www.uec.ac.jp/arc/laboguide.html （https://www.uec.ac.jp/arc/assets/labs.json を2026-09-10取得） ｜ 居室出典: 2026年度シラバス https://kyoumu.office.uec.ac.jp/syllabus/2026/31/31_21018116.html
Ⅱ類（融合系）,先端ロボティクスプログラム,東郷 俊太 研究室,東郷 俊太,東4号館703,http://www.hi.mce.uec.ac.jp/togolab/,専攻: 機械知能システム学専攻 ｜ ラボガイド番号: Ⅱ類-80 ｜ ラボガイド更新: 2025-10-17 ｜ VideoUEC: https://www.youtube.com/shorts/seFCYBK93SE／https://www.youtube.com/channel/UC10spcvW8-pCTLKy5rrDHyw ｜ 出典: https://www.uec.ac.jp/arc/laboguide.html （https://www.uec.ac.jp/arc/assets/labs.json を2026-09-10取得） ｜ 居室出典: 研究室HP https://www.hi.mce.uec.ac.jp/togolab/
Ⅱ類（融合系）,先端ロボティクスプログラム,仲田 佳弘 研究室,仲田 佳弘,西2号館210,http://www.nakata-lab.mi.uec.ac.jp,専攻: 機械知能システム学専攻 ｜ ラボガイド番号: Ⅱ類-81 ｜ ラボガイド更新: 2026-04-04 ｜ VideoUEC: https://youtu.be/UXuQ1RgxPdQ ｜ 追加URL: https://x.com/NakataLabUEC／https://www.youtube.com/@NAKATA-Lab ｜ 出典: https://www.uec.ac.jp/arc/laboguide.html （https://www.uec.ac.jp/arc/assets/labs.json を2026-09-10取得） ｜ 居室出典: 2026年度シラバス https://kyoumu.office.uec.ac.jp/syllabus/2026/33/33_25332213.html
Ⅱ類（融合系）,先端ロボティクスプログラム,中村 友昭 研究室,中村 友昭,西8号館516,https://hp.naka-lab.org/,専攻: 機械知能システム学専攻 ｜ ラボガイド番号: Ⅱ類-82 ｜ ラボガイド更新: 2025-07-03 ｜ 出典: https://www.uec.ac.jp/arc/laboguide.html （https://www.uec.ac.jp/arc/assets/labs.json を2026-09-10取得） ｜ 居室出典: 研究室HP https://hp.naka-lab.org/subpages/access.html
Ⅱ類（融合系）,先端ロボティクスプログラム,明 愛国・佐藤 隆紀 研究室,明 愛国・佐藤 隆紀,明 愛国: 東4号館504／佐藤 隆紀: 東4号館505,https://sites.google.com/view/mingsatolab/home/,専攻: 機械知能システム学専攻 ｜ ラボガイド番号: Ⅱ類-83 ｜ ラボガイド更新: 2025-10-15 ｜ 出典: https://www.uec.ac.jp/arc/laboguide.html （https://www.uec.ac.jp/arc/assets/labs.json を2026-09-10取得） ｜ 居室出典: 研究室HP https://sites.google.com/view/mingsatolab/access
Ⅱ類（融合系）,先端ロボティクスプログラム,横井 浩史 研究室,横井 浩史,東4号館602,http://www.hi.mce.uec.ac.jp/yklab/,専攻: 機械知能システム学専攻｜共同サステイナビリティ研究専攻 ｜ ラボガイド番号: Ⅱ類-84(SUS-4) ｜ ラボガイド更新: 2025-07-03 ｜ 出張講義: Ⅱ類-20／https://docs.google.com/spreadsheets/d/1uJxsIAV9MO5RpW4ZK4avdf7bVvsVnyvn/edit?gid=905872286#gid=905872286&range=A41 ｜ 夢ナビ: https://douga.yumenavi.info/Lecture/PublishDetail/2014226139?back= ｜ VideoUEC: https://www.youtube.com/watch?v=QtA_PD4CMd4 ｜ 出典: https://www.uec.ac.jp/arc/laboguide.html （https://www.uec.ac.jp/arc/assets/labs.json を2026-09-10取得） ｜ 居室出典: 研究室HP https://www.hi.mce.uec.ac.jp/yklab/
Ⅱ類（融合系）,先端ロボティクスプログラム,金田 礼人 研究室,金田 礼人,西2号館217,https://sites.google.com/view/ayato-kanada-ja,専攻: 機械知能システム学専攻 ｜ ラボガイド番号: Ⅱ ｜ ラボガイド更新: 2025-10-17 ｜ 追加URL: https://www.youtube.com/channel/UCHlGicJr-Tkosuc32Og-CxQ ｜ 出典: https://www.uec.ac.jp/arc/laboguide.html （https://www.uec.ac.jp/arc/assets/labs.json を2026-09-10取得） ｜ 居室出典: 研究室HP https://sites.google.com/view/ayato-kanada-ja/contact
Ⅲ類（理工系）,機械システムプログラム,井上 洋平 研究室,井上 洋平,東4号館832,https://www.researchgate.net/profile/Yohei_Inoue,専攻: 機械知能システム学専攻 ｜ ラボガイド番号: Ⅲ類-01 ｜ ラボガイド更新: 2025-07-03 ｜ 出典: https://www.uec.ac.jp/arc/laboguide.html （https://www.uec.ac.jp/arc/assets/labs.json を2026-09-10取得） ｜ 居室出典: 2026年度シラバス https://kyoumu.office.uec.ac.jp/syllabus/2026/31/31_21324216.html
Ⅲ類（理工系）,機械システムプログラム,大川 富雄 研究室,大川 富雄,東4号館322,http://www.eel.mi.uec.ac.jp/,専攻: 機械知能システム学専攻 ｜ ラボガイド番号: Ⅲ類-03 ｜ ラボガイド更新: 2025-10-22 ｜ 出典: https://www.uec.ac.jp/arc/laboguide.html （https://www.uec.ac.jp/arc/assets/labs.json を2026-09-10取得） ｜ 居室出典: 研究室HP https://www.eel.mi.uec.ac.jp/contact.html
Ⅲ類（理工系）,機械システムプログラム,久保木 孝・梶川 翔平 研究室,久保木 孝・梶川 翔平,久保木 孝: 東4号館524／梶川 翔平: 東4号館503,http://www.mt.mce.uec.ac.jp/,専攻: 機械知能システム学専攻 ｜ ラボガイド番号: Ⅲ類-04 ｜ ラボガイド更新: 2026-07-01 ｜ 追加URL: https://x.com/Kbk_Kjkw_Lab ｜ 出典: https://www.uec.ac.jp/arc/laboguide.html （https://www.uec.ac.jp/arc/assets/labs.json を2026-09-10取得） ｜ 居室出典: 2026年度シラバス https://kyoumu.office.uec.ac.jp/syllabus/2026/31/31_21322119.html
Ⅲ類（理工系）,機械システムプログラム,篠原 百合 研究室,篠原 百合,西2号館429,https://sites.google.com/view/shinoharalab/,専攻: 機械知能システム学専攻 ｜ ラボガイド番号: Ⅲ類-05 ｜ ラボガイド更新: 2025-07-03 ｜ 出典: https://www.uec.ac.jp/arc/laboguide.html （https://www.uec.ac.jp/arc/assets/labs.json を2026-09-10取得） ｜ 居室出典: 2026年度シラバス https://kyoumu.office.uec.ac.jp/syllabus/2026/31/31_21322121.html
Ⅲ類（理工系）,機械システムプログラム,千葉 一永 研究室,千葉 一永,東4号館824,http://www.di.mi.uec.ac.jp/,専攻: 機械知能システム学専攻 ｜ ラボガイド番号: Ⅲ類-06 ｜ ラボガイド更新: 2025-10-15 ｜ VideoUEC: https://www.youtube.com/shorts/64scqC-Snjk ｜ 追加URL: https://x.com/kazuhisa_chiba ｜ 出典: https://www.uec.ac.jp/arc/laboguide.html （https://www.uec.ac.jp/arc/assets/labs.json を2026-09-10取得） ｜ 居室出典: 2026年度シラバス https://kyoumu.office.uec.ac.jp/syllabus/2026/31/31_21322101.html
Ⅲ類（理工系）,機械システムプログラム,永松 秀朗 研究室,永松 秀朗,東4号館419,https://www.h-ngamatsu.lab.uec.ac.jp/index.html,専攻: 機械知能システム学専攻 ｜ ラボガイド番号: Ⅲ類-07 ｜ ラボガイド更新: 2026-04-13 ｜ VideoUEC: https://www.youtube.com/shorts/vnAEUXyUM5U ｜ 出典: https://www.uec.ac.jp/arc/laboguide.html （https://www.uec.ac.jp/arc/assets/labs.json を2026-09-10取得） ｜ 居室出典: 研究室HP https://www.h-ngamatsu.lab.uec.ac.jp/access.html
Ⅲ類（理工系）,機械システムプログラム,増田 宏 研究室,増田 宏,東4号館502,http://www.ddm.mi.uec.ac.jp/,専攻: 機械知能システム学専攻 ｜ ラボガイド番号: Ⅲ類-08 ｜ ラボガイド更新: 2025-07-03 ｜ 出典: https://www.uec.ac.jp/arc/laboguide.html （https://www.uec.ac.jp/arc/assets/labs.json を2026-09-10取得） ｜ 居室出典: 研究室HP https://www.ddm.mi.uec.ac.jp/students/index.html
Ⅲ類（理工系）,機械システムプログラム,松村 隆 研究室,松村 隆,東4号館423,https://www.uec.ac.jp/research/information/opal-ring/0000409.html,専攻: 機械知能システム学専攻 ｜ ラボガイド番号: Ⅲ類-09 ｜ ラボガイド更新: 2025-07-03 ｜ 出典: https://www.uec.ac.jp/arc/laboguide.html （https://www.uec.ac.jp/arc/assets/labs.json を2026-09-10取得） ｜ 居室出典: 2026年度シラバス https://kyoumu.office.uec.ac.jp/syllabus/2026/31/31_21224215.html
Ⅲ類（理工系）,機械システムプログラム,Matuttis Hans-Georg 研究室,Matuttis Hans-Georg,東4号館721,http://www2.matuttis.mce.uec.ac.jp/,専攻: 機械知能システム学専攻 ｜ ラボガイド番号: Ⅲ類-10 ｜ ラボガイド更新: 2025-07-03 ｜ 出典: https://www.uec.ac.jp/arc/laboguide.html （https://www.uec.ac.jp/arc/assets/labs.json を2026-09-10取得） ｜ 居室出典: 2026年度シラバス https://kyoumu.office.uec.ac.jp/syllabus/2026/33/33_25322102.html
Ⅲ類（理工系）,機械システムプログラム,守 裕也・王 萌蕾 研究室,守 裕也・王 萌蕾,守 裕也: 東4号館720,http://www.mamorilab.mi.uec.ac.jp/,専攻: 機械知能システム学専攻 ｜ ラボガイド番号: Ⅲ類-11 ｜ ラボガイド更新: 2025-07-03 ｜ 出張講義: Ⅲ類-4／https://docs.google.com/spreadsheets/d/1uJxsIAV9MO5RpW4ZK4avdf7bVvsVnyvn/edit?gid=905872286#gid=905872286&range=A43／https://docs.google.com/spreadsheets/d/1uJxsIAV9MO5RpW4ZK4avdf7bVvsVnyvn/edit?gid=905872286#gid=905872286&range=A42 ｜ 出典: https://www.uec.ac.jp/arc/laboguide.html （https://www.uec.ac.jp/arc/assets/labs.json を2026-09-10取得） ｜ 居室出典: 研究室HP https://www.mamorilab.mi.uec.ac.jp/
Ⅲ類（理工系）,機械システムプログラム,森重 功一 研究室,森重 功一,東4号館523,http://www.ims.mce.uec.ac.jp/,専攻: 機械知能システム学専攻 ｜ ラボガイド番号: Ⅲ類-12 ｜ ラボガイド更新: 2026-06-12 ｜ 出張講義: Ⅲ類-5／https://docs.google.com/spreadsheets/d/1uJxsIAV9MO5RpW4ZK4avdf7bVvsVnyvn/edit?gid=905872286#gid=905872286&range=A44 ｜ VideoUEC: https://www.youtube.com/shorts/QcTS8r2fwH0 ｜ 出典: https://www.uec.ac.jp/arc/laboguide.html （https://www.uec.ac.jp/arc/assets/labs.json を2026-09-10取得） ｜ 居室出典: 研究室HP https://www.ims.mce.uec.ac.jp/location/index_e.html
Ⅲ類（理工系）,機械システムプログラム,結城 宏信 研究室,結城 宏信,東4号館405,http://www.ds.mce.uec.ac.jp/,専攻: 機械知能システム学専攻 ｜ ラボガイド番号: Ⅲ類-13 ｜ ラボガイド更新: 2025-07-03 ｜ 出典: https://www.uec.ac.jp/arc/laboguide.html （https://www.uec.ac.jp/arc/assets/labs.json を2026-09-10取得） ｜ 居室出典: 2026年度シラバス https://kyoumu.office.uec.ac.jp/syllabus/2026/33/33_25332214.html
Ⅲ類（理工系）,機械システムプログラム,遊佐 泰紀 研究室,遊佐 泰紀,,https://www.yusa.lab.uec.ac.jp/,専攻: 機械知能システム学専攻 ｜ ラボガイド番号: Ⅲ類-14 ｜ ラボガイド更新: 2026-08-10 ｜ 追加URL: https://x.com/uec_yusalab ｜ 出典: https://www.uec.ac.jp/arc/laboguide.html （https://www.uec.ac.jp/arc/assets/labs.json を2026-09-10取得） ｜ 居室は2026年度シラバス・研究室HP・基盤理工学専攻教員紹介から部屋番号が見つからず
Ⅲ類（理工系）,電子工学プログラム,一色 秀夫 研究室,一色 秀夫,西1号館211,http://www.flex.es.uec.ac.jp,専攻: 基盤理工学専攻 ｜ ラボガイド番号: Ⅲ類-15 ｜ ラボガイド更新: 2025-07-03 ｜ 出張講義: Ⅲ類-6／https://docs.google.com/spreadsheets/d/1uJxsIAV9MO5RpW4ZK4avdf7bVvsVnyvn/edit?gid=905872286#gid=905872286&range=A45 ｜ VideoUEC: https://www.youtube.com/watch?v=_YvE1Zlj1-o ｜ 出典: https://www.uec.ac.jp/arc/laboguide.html （https://www.uec.ac.jp/arc/assets/labs.json を2026-09-10取得） ｜ 居室出典: 基盤理工学専攻教員紹介 https://www.es.uec.ac.jp/faculty/
Ⅲ類（理工系）,電子工学プログラム,奥野 剛史 研究室,奥野 剛史,東6号館401,http://www.tcc.pc.uec.ac.jp/,専攻: 基盤理工学専攻 ｜ ラボガイド番号: Ⅲ類-17 ｜ ラボガイド更新: 2025-07-03 ｜ 出張講義: Ⅲ類-7／https://docs.google.com/spreadsheets/d/1uJxsIAV9MO5RpW4ZK4avdf7bVvsVnyvn/edit?gid=905872286#gid=905872286&range=A46 ｜ 夢ナビ: https://yumenavi.info/vue/lecture.html?University=V&SearchMod=4&SerKbn=3&ProId=WNF026&Page=1&GNKCD=g006554&KeyWord=%E9%9B%BB%E6%B0%97%E9%80%9A%E4%BF%A1%E5%A4%A7%E5%AD%A6&back=&CLGAKOCD=033840&mxorder=&gakubunm=&gakkanm=&From=portal ｜ VideoUEC: https://www.youtube.com/watch?v=6ITNL1rDn9c／https://www.youtube.com/watch?v=T9Y6kdSdEhw ｜ 出典: https://www.uec.ac.jp/arc/laboguide.html （https://www.uec.ac.jp/arc/assets/labs.json を2026-09-10取得） ｜ 居室出典: 研究室HP https://www.tcc.pc.uec.ac.jp/
Ⅲ類（理工系）,電子工学プログラム,海津 利行 研究室,海津 利行,西8号館714,http://www.crystal.ee.uec.ac.jp/index.html,専攻: 基盤理工学専攻 ｜ ラボガイド番号: Ⅲ類 ｜ ラボガイド更新: 2025-07-03 ｜ 出典: https://www.uec.ac.jp/arc/laboguide.html （https://www.uec.ac.jp/arc/assets/labs.json を2026-09-10取得） ｜ 居室出典: 基盤理工学専攻教員紹介 https://www.es.uec.ac.jp/faculty/
Ⅲ類（理工系）,電子工学プログラム,酒井 剛 研究室,酒井 剛,東3号館1025,http://www.t-sakai.cei.uec.ac.jp/,専攻: 基盤理工学専攻 ｜ ラボガイド番号: Ⅲ類-18 ｜ ラボガイド更新: 2025-07-03 ｜ VideoUEC: https://www.youtube.com/watch?v=2ck1mIpSWv0 ｜ 出典: https://www.uec.ac.jp/arc/laboguide.html （https://www.uec.ac.jp/arc/assets/labs.json を2026-09-10取得） ｜ 居室出典: 研究室HP https://www.t-sakai.cei.uec.ac.jp/access.html
Ⅲ類（理工系）,電子工学プログラム,坂本 克好 研究室,坂本 克好,西8号館719,http://www.crystal.ee.uec.ac.jp/,専攻: 基盤理工学専攻 ｜ ラボガイド番号: Ⅲ類-19 ｜ ラボガイド更新: 2025-07-03 ｜ 出典: https://www.uec.ac.jp/arc/laboguide.html （https://www.uec.ac.jp/arc/assets/labs.json を2026-09-10取得） ｜ 居室出典: 基盤理工学専攻教員紹介 https://www.es.uec.ac.jp/faculty/
Ⅲ類（理工系）,電子工学プログラム,志賀 智一 研究室,志賀 智一,西8号館601,http://www.es.uec.ac.jp/faculty/shiga-tomokazu/index.html,専攻: 基盤理工学専攻 ｜ ラボガイド番号: Ⅲ類-20 ｜ ラボガイド更新: 2025-07-03 ｜ 出典: https://www.uec.ac.jp/arc/laboguide.html （https://www.uec.ac.jp/arc/assets/labs.json を2026-09-10取得） ｜ 居室出典: 基盤理工学専攻教員紹介 https://www.es.uec.ac.jp/faculty/
Ⅲ類（理工系）,電子工学プログラム,島田 宏 研究室,島田 宏,東6号館408,http://inaho.pc.uec.ac.jp/,専攻: 基盤理工学専攻 ｜ ラボガイド番号: Ⅲ類-21 ｜ ラボガイド更新: 2025-07-03 ｜ 出張講義: Ⅲ類-8／https://docs.google.com/spreadsheets/d/1uJxsIAV9MO5RpW4ZK4avdf7bVvsVnyvn/edit?gid=905872286#gid=905872286&range=A47 ｜ 出典: https://www.uec.ac.jp/arc/laboguide.html （https://www.uec.ac.jp/arc/assets/labs.json を2026-09-10取得） ｜ 居室出典: 基盤理工学専攻教員紹介 https://www.es.uec.ac.jp/faculty/
Ⅲ類（理工系）,電子工学プログラム,曽我部 東馬 研究室,曽我部 東馬,西8号館717,https://cluster-iperc.matrix.jp,専攻: 基盤理工学専攻 ｜ ラボガイド番号: Ⅲ類-22 ｜ ラボガイド更新: 2025-07-03 ｜ 出典: https://www.uec.ac.jp/arc/laboguide.html （https://www.uec.ac.jp/arc/assets/labs.json を2026-09-10取得） ｜ 居室出典: 基盤理工学専攻教員紹介 https://www.es.uec.ac.jp/faculty/
Ⅲ類（理工系）,電子工学プログラム,塚本 貴広 研究室,塚本 貴広,西1号館205／西1号館207／西1号館209,http://www.tsukamoto.es.uec.ac.jp/,専攻: 基盤理工学専攻 ｜ ラボガイド番号: Ⅲ類-23 ｜ ラボガイド更新: 2025-07-03 ｜ 出典: https://www.uec.ac.jp/arc/laboguide.html （https://www.uec.ac.jp/arc/assets/labs.json を2026-09-10取得） ｜ 居室出典: 研究室HP https://www.tsukamoto.es.uec.ac.jp/access.html
Ⅲ類（理工系）,電子工学プログラム,中村 淳・新𠮷 直樹 研究室,中村 淳・新𠮷 直樹,中村 淳: 西2号館307,http://www.natori.ee.uec.ac.jp/,専攻: 基盤理工学専攻 ｜ ラボガイド番号: Ⅲ類-24 ｜ ラボガイド更新: 2026-04-14 ｜ 出張講義: Ⅲ類-9／https://docs.google.com/spreadsheets/d/1uJxsIAV9MO5RpW4ZK4avdf7bVvsVnyvn/edit?gid=905872286#gid=905872286&range=A48 ｜ 夢ナビ: https://talk.yumenavi.info/archives/1735?site=d&close=true ｜ VideoUEC: https://www.youtube.com/watch?v=972M_sn--88 ｜ 出典: https://www.uec.ac.jp/arc/laboguide.html （https://www.uec.ac.jp/arc/assets/labs.json を2026-09-10取得） ｜ 居室出典: 研究室HP https://www.natori.ee.uec.ac.jp/map.html
Ⅲ類（理工系）,電子工学プログラム,古川 怜 研究室,古川 怜,西8号館815,https://furugroup.wordpress.com/,専攻: 基盤理工学専攻 ｜ ラボガイド番号: Ⅲ類-26 ｜ ラボガイド更新: 2025-07-03 ｜ 出張講義: Ⅲ類-10／https://docs.google.com/spreadsheets/d/1uJxsIAV9MO5RpW4ZK4avdf7bVvsVnyvn/edit?gid=905872286#gid=905872286&range=A49 ｜ 夢ナビ: https://talk.yumenavi.info/archives/2137?site=d&close=true ｜ VideoUEC: https://www.youtube.com/shorts/Ue8Ph4VVpjQ ｜ 出典: https://www.uec.ac.jp/arc/laboguide.html （https://www.uec.ac.jp/arc/assets/labs.json を2026-09-10取得） ｜ 居室出典: 基盤理工学専攻教員紹介 https://www.es.uec.ac.jp/faculty/
Ⅲ類（理工系）,電子工学プログラム,水柿 義直 ・ Oon Sim Jui 研究室,水柿 義直 ・ Oon Sim Jui,水柿 義直: 西8号館707／Oon Sim Jui: 西8号館705,http://www.mizugaki.es.uec.ac.jp/,専攻: 基盤理工学専攻 ｜ ラボガイド番号: Ⅲ類-27 ｜ ラボガイド更新: 2025-07-03 ｜ 出張講義: Ⅲ類-11、12／https://docs.google.com/spreadsheets/d/1uJxsIAV9MO5RpW4ZK4avdf7bVvsVnyvn/edit?gid=905872286#gid=905872286&range=A50／https://docs.google.com/spreadsheets/d/1uJxsIAV9MO5RpW4ZK4avdf7bVvsVnyvn/edit?gid=905872286#gid=905872286&range=A51 ｜ 夢ナビ: https://talk.yumenavi.info/archives/1922?site=d&close=true ｜ VideoUEC: https://www.youtube.com/watch?v=b7_Txz7aiB0／https://www.youtube.com/shorts/QfZ8u5ghO2A ｜ 出典: https://www.uec.ac.jp/arc/laboguide.html （https://www.uec.ac.jp/arc/assets/labs.json を2026-09-10取得） ｜ 居室出典: 基盤理工学専攻教員紹介 https://www.es.uec.ac.jp/faculty/
Ⅲ類（理工系）,電子工学プログラム,宮下 直也 研究室,宮下 直也,西8号館513,,専攻: 基盤理工学専攻 ｜ ラボガイド番号: Ⅲ類-28 ｜ ラボガイド更新: 2025-07-03 ｜ ラボガイドに研究室URLなし ｜ 出典: https://www.uec.ac.jp/arc/laboguide.html （https://www.uec.ac.jp/arc/assets/labs.json を2026-09-10取得） ｜ 居室出典: 基盤理工学専攻教員紹介 https://www.es.uec.ac.jp/faculty/
Ⅲ類（理工系）,電子工学プログラム,山口 浩一 研究室,山口 浩一,西8号館505,http://www.crystal.ee.uec.ac.jp/,専攻: 基盤理工学専攻 ｜ ラボガイド番号: Ⅲ類-29 ｜ ラボガイド更新: 2025-07-03 ｜ 出張講義: Ⅲ類-13／https://docs.google.com/spreadsheets/d/1uJxsIAV9MO5RpW4ZK4avdf7bVvsVnyvn/edit?gid=905872286#gid=905872286&range=A52 ｜ 夢ナビ: https://yumenavi.info/vue/lecture.html?University=V&SearchMod=4&SerKbn=3&ProId=WNF026&Page=1&GNKCD=g002604&KeyWord=%E9%9B%BB%E6%B0%97%E9%80%9A%E4%BF%A1%E5%A4%A7%E5%AD%A6&back=&CLGAKOCD=033840&mxorder=&gakubunm=&gakkanm=&From=portal／https://yumenavi.info/vue/lecture.html?University=V&SearchMod=4&SerKbn=3&ProId=WNF026&Page=1&GNKCD=g002603&KeyWord=%E9%9B%BB%E6%B0%97%E9%80%9A%E4%BF%A1%E5%A4%A7%E5%AD%A6&back=&CLGAKOCD=033840&mxorder=&gakubunm=&gakkanm=&From=portal／https://yumenavi.info/vue/lecture.html?University=V&SearchMod=4&SerKbn=3&ProId=WNF026&Page=1&GNKCD=g002605&KeyWord=%E9%9B%BB%E6%B0%97%E9%80%9A%E4%BF%A1%E5%A4%A7%E5%AD%A6&back=&CLGAKOCD=033840&mxorder=&gakubunm=&gakkanm=&From=portal ｜ VideoUEC: https://www.youtube.com/watch?v=Yhe4DuTfksU ｜ 出典: https://www.uec.ac.jp/arc/laboguide.html （https://www.uec.ac.jp/arc/assets/labs.json を2026-09-10取得） ｜ 居室出典: 基盤理工学専攻教員紹介 https://www.es.uec.ac.jp/faculty/
Ⅲ類（理工系）,光工学プログラム,浅原 彰文 研究室,浅原 彰文,東6号館435,http://www.asahara-lab.es.uec.ac.jp,専攻: 基盤理工学専攻 ｜ ラボガイド番号: Ⅲ類-30 ｜ ラボガイド更新: 2025-07-03 ｜ 出典: https://www.uec.ac.jp/arc/laboguide.html （https://www.uec.ac.jp/arc/assets/labs.json を2026-09-10取得） ｜ 居室出典: 研究室HP https://www.asahara-lab.es.uec.ac.jp/member.html
Ⅲ類（理工系）,光工学プログラム,上野 芳康 研究室,上野 芳康,西2号館313,http://www.ultrafast.ee.uec.ac.jp/,専攻: 基盤理工学専攻 ｜ ラボガイド番号: Ⅲ類-31 ｜ ラボガイド更新: 2025-07-03 ｜ 出典: https://www.uec.ac.jp/arc/laboguide.html （https://www.uec.ac.jp/arc/assets/labs.json を2026-09-10取得） ｜ 居室出典: 基盤理工学専攻教員紹介 https://www.es.uec.ac.jp/faculty/
Ⅲ類（理工系）,光工学プログラム,大饗 千彰 研究室,大饗 千彰,東6号館609,https://sites.google.com/gl.cc.uec.ac.jp/ohae-lab/home,専攻: 基盤理工学専攻 ｜ ラボガイド番号: Ⅲ類-32 ｜ ラボガイド更新: 2025-07-03 ｜ 出典: https://www.uec.ac.jp/arc/laboguide.html （https://www.uec.ac.jp/arc/assets/labs.json を2026-09-10取得） ｜ 居室出典: 研究室HP https://sites.google.com/gl.cc.uec.ac.jp/ohae-lab/home/member
Ⅲ類（理工系）,光工学プログラム,桂川 眞幸 研究室,桂川 眞幸,東6号館622,http://www.mklab.es.uec.ac.jp/,専攻: 基盤理工学専攻 ｜ ラボガイド番号: Ⅲ類-33 ｜ ラボガイド更新: 2025-07-03 ｜ 出張講義: Ⅲ類-14／https://docs.google.com/spreadsheets/d/1uJxsIAV9MO5RpW4ZK4avdf7bVvsVnyvn/edit?gid=905872286#gid=905872286&range=A53 ｜ 出典: https://www.uec.ac.jp/arc/laboguide.html （https://www.uec.ac.jp/arc/assets/labs.json を2026-09-10取得） ｜ 居室出典: 研究室HP https://www.mklab.es.uec.ac.jp/about_us.html
Ⅲ類（理工系）,光工学プログラム,加藤 峰士 研究室,加藤 峰士,東6号館436,http://www.kato-comb.lab.uec.ac.jp/,専攻: 基盤理工学専攻 ｜ ラボガイド番号: Ⅲ類-34 ｜ ラボガイド更新: 2025-10-15 ｜ 追加URL: http://www.femto-comb.es.uec.ac.jp/ ｜ 出典: https://www.uec.ac.jp/arc/laboguide.html （https://www.uec.ac.jp/arc/assets/labs.json を2026-09-10取得） ｜ 居室出典: 研究室HP https://www.kato-comb.lab.uec.ac.jp/access/access.html
Ⅲ類（理工系）,光工学プログラム,張 贇 研究室,張 贇,西2号館407,http://www.wzlab1.es.uec.ac.jp/index.html,専攻: 基盤理工学専攻 ｜ ラボガイド番号: Ⅲ類-35 ｜ ラボガイド更新: 2025-07-03 ｜ 出典: https://www.uec.ac.jp/arc/laboguide.html （https://www.uec.ac.jp/arc/assets/labs.json を2026-09-10取得） ｜ 居室出典: 研究室HP https://www.wzlab1.es.uec.ac.jp/index.html
Ⅲ類（理工系）,光工学プログラム,庄司 暁 研究室,庄司 暁,西2号館309,http://www.phomat.es.uec.ac.jp/japanese/HOME.html,専攻: 基盤理工学専攻 ｜ ラボガイド番号: Ⅲ類-36 ｜ ラボガイド更新: 2025-07-03 ｜ 出典: https://www.uec.ac.jp/arc/laboguide.html （https://www.uec.ac.jp/arc/assets/labs.json を2026-09-10取得） ｜ 居室出典: 基盤理工学専攻教員紹介 https://www.es.uec.ac.jp/faculty/
Ⅲ類（理工系）,光工学プログラム,白川 晃 研究室,白川 晃,西7号館701,http://www.ils.uec.ac.jp/~shirakawa_lab/,専攻: 基盤理工学専攻 ｜ ラボガイド番号: Ⅲ類-37 ｜ ラボガイド更新: 2025-07-03 ｜ 出典: https://www.uec.ac.jp/arc/laboguide.html （https://www.uec.ac.jp/arc/assets/labs.json を2026-09-10取得） ｜ 居室出典: 研究室HP http://www.ils.uec.ac.jp/~shirakawa_lab/
Ⅲ類（理工系）,光工学プログラム,沈 青 研究室,沈 青,東6号館508,http://www.shen.es.uec.ac.jp/,専攻: 基盤理工学専攻 ｜ ラボガイド番号: Ⅲ類-38 ｜ ラボガイド更新: 2026-04-13 ｜ 出典: https://www.uec.ac.jp/arc/laboguide.html （https://www.uec.ac.jp/arc/assets/labs.json を2026-09-10取得） ｜ 居室出典: 研究室HP https://www.shen.es.uec.ac.jp/information.htm
Ⅲ類（理工系）,光工学プログラム,戸倉川 正樹 研究室,戸倉川 正樹,西7号館703,https://masatoku81.wixsite.com/tokurakawa-lab,専攻: 基盤理工学専攻 ｜ ラボガイド番号: Ⅲ類-39 ｜ ラボガイド更新: 2025-07-03 ｜ 出典: https://www.uec.ac.jp/arc/laboguide.html （https://www.uec.ac.jp/arc/assets/labs.json を2026-09-10取得） ｜ 居室出典: 基盤理工学専攻教員紹介 https://www.es.uec.ac.jp/faculty/
Ⅲ類（理工系）,光工学プログラム,西岡 一 研究室,西岡 一,,http://www.ils.uec.ac.jp/~nishioka/default.html,専攻: 基盤理工学専攻 ｜ ラボガイド番号: Ⅲ類-40 ｜ ラボガイド更新: 2025-07-03 ｜ 出典: https://www.uec.ac.jp/arc/laboguide.html （https://www.uec.ac.jp/arc/assets/labs.json を2026-09-10取得） ｜ 居室は2026年度シラバス・研究室HP・基盤理工学専攻教員紹介から部屋番号が見つからず
Ⅲ類（理工系）,光工学プログラム,美濃島 薫 研究室,美濃島 薫,東6号館321,http://www.femto-comb.es.uec.ac.jp/,専攻: 基盤理工学専攻 ｜ ラボガイド番号: Ⅲ類-41 ｜ ラボガイド更新: 2025-10-22 ｜ VideoUEC: https://www.youtube.com/shorts/clOiqInXmuk ｜ 出典: https://www.uec.ac.jp/arc/laboguide.html （https://www.uec.ac.jp/arc/assets/labs.json を2026-09-10取得） ｜ 居室出典: 研究室HP https://www.femto-comb.es.uec.ac.jp/about.html
Ⅲ類（理工系）,光工学プログラム,武者 満 研究室,武者 満,西7号館717,http://www.ils.uec.ac.jp/~musha/index.html,専攻: 基盤理工学専攻 ｜ ラボガイド番号: Ⅲ類-42 ｜ ラボガイド更新: 2025-07-03 ｜ 出典: https://www.uec.ac.jp/arc/laboguide.html （https://www.uec.ac.jp/arc/assets/labs.json を2026-09-10取得） ｜ 居室出典: 研究室HP http://www.ils.uec.ac.jp/~musha/access.html
Ⅲ類（理工系）,光工学プログラム,米田 仁紀 研究室,米田 仁紀,西7号館711,http://www.ils.uec.ac.jp/~yoneda/,専攻: 基盤理工学専攻 ｜ ラボガイド番号: Ⅲ類-43 ｜ ラボガイド更新: 2025-07-03 ｜ VideoUEC: https://www.youtube.com/watch?v=e5Bbs2zgR6Y ｜ 出典: https://www.uec.ac.jp/arc/laboguide.html （https://www.uec.ac.jp/arc/assets/labs.json を2026-09-10取得） ｜ 居室出典: 基盤理工学専攻教員紹介 https://www.es.uec.ac.jp/faculty/
Ⅲ類（理工系）,光工学プログラム,渡邉 恵理子 研究室,渡邉 恵理子,東9号館302,http://www.fourier.lab.uec.ac.jp/,専攻: 基盤理工学専攻 ｜ ラボガイド番号: Ⅲ類-44 ｜ ラボガイド更新: 2026-07-14 ｜ 出典: https://www.uec.ac.jp/arc/laboguide.html （https://www.uec.ac.jp/arc/assets/labs.json を2026-09-10取得） ｜ 居室出典: 研究室HP https://www.fourier.lab.uec.ac.jp/member.html
Ⅲ類（理工系）,光工学プログラム,坂野 昌人 研究室,坂野 昌人,西2号館409,https://sites.google.com/view/sakano-group/,専攻: 基盤理工学専攻 ｜ ラボガイド更新: 2026-05-08 ｜ 追加URL: https://researchmap.jp/masato_sakano ｜ 出典: https://www.uec.ac.jp/arc/laboguide.html （https://www.uec.ac.jp/arc/assets/labs.json を2026-09-10取得） ｜ 居室出典: 基盤理工学専攻教員紹介 https://www.es.uec.ac.jp/faculty/
Ⅲ類（理工系）,物理工学プログラム,池田 暁彦 研究室,池田 暁彦,東6号館402,https://sites.google.com/view/uec-ikeda/,専攻: 基盤理工学専攻 ｜ ラボガイド番号: Ⅲ類-45 ｜ ラボガイド更新: 2025-07-15 ｜ 出典: https://www.uec.ac.jp/arc/laboguide.html （https://www.uec.ac.jp/arc/assets/labs.json を2026-09-10取得） ｜ 居室出典: 研究室HP https://sites.google.com/view/uec-ikeda/
Ⅲ類（理工系）,物理工学プログラム,岩國 加奈 研究室,岩國 加奈,西7号館704,https://iwakuni-lab.jimdofree.com/,専攻: 基盤理工学専攻 ｜ ラボガイド番号: Ⅲ類-46 ｜ ラボガイド更新: 2025-07-03 ｜ 出典: https://www.uec.ac.jp/arc/laboguide.html （https://www.uec.ac.jp/arc/assets/labs.json を2026-09-10取得） ｜ 居室出典: 基盤理工学専攻教員紹介 https://www.es.uec.ac.jp/faculty/
Ⅲ類（理工系）,物理工学プログラム,遠藤 晋平 研究室,遠藤 晋平,東6号館515,http://www.qfbt.lab.uec.ac.jp/index.html,専攻: 基盤理工学専攻 ｜ ラボガイド番号: Ⅲ類-47 ｜ ラボガイド更新: 2025-07-03 ｜ 出典: https://www.uec.ac.jp/arc/laboguide.html （https://www.uec.ac.jp/arc/assets/labs.json を2026-09-10取得） ｜ 居室出典: 研究室HP https://www.qfbt.lab.uec.ac.jp/member.html
Ⅲ類（理工系）,物理工学プログラム,尾関 之康 研究室,尾関 之康,東6号館534,http://stat.pc.uec.ac.jp/,専攻: 基盤理工学専攻 ｜ ラボガイド番号: Ⅲ類-49 ｜ ラボガイド更新: 2025-07-03 ｜ 出典: https://www.uec.ac.jp/arc/laboguide.html （https://www.uec.ac.jp/arc/assets/labs.json を2026-09-10取得） ｜ 居室出典: 研究室HP http://stat.pc.uec.ac.jp/Life.html
Ⅲ類（理工系）,物理工学プログラム,岸本 哲夫 研究室,岸本 哲夫,東6号館628,http://klab.pc.uec.ac.jp/,専攻: 基盤理工学専攻 ｜ ラボガイド番号: Ⅲ類-50 ｜ ラボガイド更新: 2025-07-03 ｜ 出典: https://www.uec.ac.jp/arc/laboguide.html （https://www.uec.ac.jp/arc/assets/labs.json を2026-09-10取得） ｜ 居室出典: 研究室HP https://klab.pc.uec.ac.jp/contact.html
Ⅲ類（理工系）,物理工学プログラム,桑原 大介 研究室,桑原 大介,東6号館109,http://www.cia.uec.ac.jp/hp/webpages/kuwalab.html,専攻: 基盤理工学専攻 ｜ ラボガイド番号: Ⅲ類-51 ｜ ラボガイド更新: 2025-07-03 ｜ 出典: https://www.uec.ac.jp/arc/laboguide.html （https://www.uec.ac.jp/arc/assets/labs.json を2026-09-10取得） ｜ 居室出典: 基盤理工学専攻教員紹介 https://www.es.uec.ac.jp/faculty/
Ⅲ類（理工系）,物理工学プログラム,小久保 伸人 研究室,小久保 伸人,東6号館601,http://ltp.pc.uec.ac.jp/,専攻: 基盤理工学専攻 ｜ ラボガイド番号: Ⅲ類-52 ｜ ラボガイド更新: 2025-07-03 ｜ 出典: https://www.uec.ac.jp/arc/laboguide.html （https://www.uec.ac.jp/arc/assets/labs.json を2026-09-10取得） ｜ 居室出典: 基盤理工学専攻教員紹介 https://www.es.uec.ac.jp/faculty/
Ⅲ類（理工系）,物理工学プログラム,斎藤 弘樹 研究室,斎藤 弘樹,東6号館428,http://hs.pc.uec.ac.jp/,専攻: 基盤理工学専攻 ｜ ラボガイド番号: Ⅲ類-53 ｜ ラボガイド更新: 2025-10-15 ｜ 出張講義: Ⅲ類-15、16／https://docs.google.com/spreadsheets/d/1uJxsIAV9MO5RpW4ZK4avdf7bVvsVnyvn/edit?gid=905872286#gid=905872286&range=A54／https://docs.google.com/spreadsheets/d/1uJxsIAV9MO5RpW4ZK4avdf7bVvsVnyvn/edit?gid=905872286#gid=905872286&range=A55 ｜ VideoUEC: https://www.youtube.com/shorts/Pwo2NzoMtTk ｜ 出典: https://www.uec.ac.jp/arc/laboguide.html （https://www.uec.ac.jp/arc/assets/labs.json を2026-09-10取得） ｜ 居室出典: 研究室HP https://hs.pc.uec.ac.jp/access.html
Ⅲ類（理工系）,物理工学プログラム,佐々木 成朗 研究室,佐々木 成朗,東1号館309,http://nanotribo.g-edu.uec.ac.jp/,専攻: 基盤理工学専攻 ｜ ラボガイド番号: Ⅲ類-54 ｜ ラボガイド更新: 2025-07-03 ｜ 出張講義: Ⅲ類-17／https://docs.google.com/spreadsheets/d/1uJxsIAV9MO5RpW4ZK4avdf7bVvsVnyvn/edit?gid=905872286#gid=905872286&range=A56 ｜ 夢ナビ: https://talk.yumenavi.info/archives/2101?site=d&close=true ｜ VideoUEC: https://www.youtube.com/watch?v=vH3kEJZBXgk ｜ 出典: https://www.uec.ac.jp/arc/laboguide.html （https://www.uec.ac.jp/arc/assets/labs.json を2026-09-10取得） ｜ 居室出典: 研究室HP http://nanotribo.g-edu.uec.ac.jp/access.html
Ⅲ類（理工系）,物理工学プログラム,清水 亮介 研究室,清水 亮介,東6号館416,http://rs.pc.uec.ac.jp/,専攻: 基盤理工学専攻 ｜ ラボガイド番号: Ⅲ類-55 ｜ ラボガイド更新: 2025-07-03 ｜ 出典: https://www.uec.ac.jp/arc/laboguide.html （https://www.uec.ac.jp/arc/assets/labs.json を2026-09-10取得） ｜ 居室出典: 研究室HP https://rs.pc.uec.ac.jp/
Ⅲ類（理工系）,物理工学プログラム,谷口 淳子 研究室,谷口 淳子,東1号館101,http://lt.phys.uec.ac.jp/,専攻: 基盤理工学専攻 ｜ ラボガイド番号: Ⅲ類-57 ｜ ラボガイド更新: 2025-07-03 ｜ 出典: https://www.uec.ac.jp/arc/laboguide.html （https://www.uec.ac.jp/arc/assets/labs.json を2026-09-10取得） ｜ 居室出典: 基盤理工学専攻教員紹介 https://www.es.uec.ac.jp/faculty/
Ⅲ類（理工系）,物理工学プログラム,丹治 はるか 研究室,丹治 はるか,西7号館715,http://www.ils.uec.ac.jp/~tanji/,専攻: 基盤理工学専攻 ｜ ラボガイド番号: Ⅲ類-58 ｜ ラボガイド更新: 2025-07-03 ｜ 出張講義: Ⅲ類-18／https://docs.google.com/spreadsheets/d/1uJxsIAV9MO5RpW4ZK4avdf7bVvsVnyvn/edit?gid=905872286#gid=905872286&range=A57 ｜ 夢ナビ: https://talk.yumenavi.info/archives/2386?site=d&close=true ｜ 出典: https://www.uec.ac.jp/arc/laboguide.html （https://www.uec.ac.jp/arc/assets/labs.json を2026-09-10取得） ｜ 居室出典: 基盤理工学専攻教員紹介 https://www.es.uec.ac.jp/faculty/
Ⅲ類（理工系）,物理工学プログラム,中川 賢一 研究室,中川 賢一,西7号館705,http://www.ils.uec.ac.jp/~naka_lab/,専攻: 基盤理工学専攻 ｜ ラボガイド番号: Ⅲ類-59 ｜ ラボガイド更新: 2025-07-03 ｜ 出典: https://www.uec.ac.jp/arc/laboguide.html （https://www.uec.ac.jp/arc/assets/labs.json を2026-09-10取得） ｜ 居室出典: 基盤理工学専攻教員紹介 https://www.es.uec.ac.jp/faculty/
Ⅲ類（理工系）,物理工学プログラム,中村 仁 研究室,中村 仁,東1号館203,http://www.ray.pc.uec.ac.jp/,専攻: 基盤理工学専攻 ｜ ラボガイド番号: Ⅲ類-60 ｜ ラボガイド更新: 2025-07-03 ｜ 出典: https://www.uec.ac.jp/arc/laboguide.html （https://www.uec.ac.jp/arc/assets/labs.json を2026-09-10取得） ｜ 居室出典: 研究室HP https://www.ray.pc.uec.ac.jp/
Ⅲ類（理工系）,物理工学プログラム,中村 信行 研究室,中村 信行,西7号館707,http://yebisu.ils.uec.ac.jp/nakamura/,専攻: 基盤理工学専攻 ｜ ラボガイド番号: Ⅲ類-61 ｜ ラボガイド更新: 2025-10-15 ｜ 出張講義: Ⅲ類-19、20／https://docs.google.com/spreadsheets/d/1uJxsIAV9MO5RpW4ZK4avdf7bVvsVnyvn/edit?gid=905872286#gid=905872286&range=A58／https://docs.google.com/spreadsheets/d/1uJxsIAV9MO5RpW4ZK4avdf7bVvsVnyvn/edit?gid=905872286#gid=905872286&range=A59 ｜ 夢ナビ: https://douga.yumenavi.info/Lecture/PublishDetail/2022001470?back= ｜ VideoUEC: https://www.youtube.com/watch?v=b1H3PjIpTSU ｜ 追加URL: https://twitter.com/nobu_ils ｜ 出典: https://www.uec.ac.jp/arc/laboguide.html （https://www.uec.ac.jp/arc/assets/labs.json を2026-09-10取得） ｜ 居室出典: 基盤理工学専攻教員紹介 https://www.es.uec.ac.jp/faculty/
Ⅲ類（理工系）,物理工学プログラム,Nayak Kali Prasanna 研究室,Nayak Kali Prasanna,西2号館411,https://sites.google.com/view/kali-prasanna-nayak-uec/home,専攻: 基盤理工学専攻 ｜ ラボガイド番号: Ⅲ類-62 ｜ ラボガイド更新: 2025-07-03 ｜ 出典: https://www.uec.ac.jp/arc/laboguide.html （https://www.uec.ac.jp/arc/assets/labs.json を2026-09-10取得） ｜ 居室出典: 研究室HP https://sites.google.com/view/kali-prasanna-nayak-uec/contact
Ⅲ類（理工系）,物理工学プログラム,松林 和幸 研究室,松林 和幸,東6号館421,http://www.m-lab.es.uec.ac.jp/,専攻: 基盤理工学専攻 ｜ ラボガイド番号: Ⅲ類-63 ｜ ラボガイド更新: 2025-07-03 ｜ 出典: https://www.uec.ac.jp/arc/laboguide.html （https://www.uec.ac.jp/arc/assets/labs.json を2026-09-10取得） ｜ 居室出典: 研究室HP https://www.m-lab.es.uec.ac.jp/
Ⅲ類（理工系）,物理工学プログラム,宮本 洋子 研究室,宮本 洋子,東6号館608,http://www.qopt.es.uec.ac.jp/,専攻: 基盤理工学専攻 ｜ ラボガイド番号: Ⅲ類-64 ｜ ラボガイド更新: 2026-04-25 ｜ 出張講義: Ⅲ類-21／https://docs.google.com/spreadsheets/d/1uJxsIAV9MO5RpW4ZK4avdf7bVvsVnyvn/edit?gid=905872286#gid=905872286&range=A60 ｜ 夢ナビ: https://douga.yumenavi.info/Lecture/PublishDetail/2019255210?back= ｜ 追加URL: https://www.uec.ac.jp/research/members/opal-ring/1000206492.html ｜ 出典: https://www.uec.ac.jp/arc/laboguide.html （https://www.uec.ac.jp/arc/assets/labs.json を2026-09-10取得） ｜ 居室出典: 基盤理工学専攻教員紹介 https://www.es.uec.ac.jp/faculty/
Ⅲ類（理工系）,物理工学プログラム,村中 隆弘 研究室,村中 隆弘,東6号館502,https://sites.google.com/view/smslab-muranaka,専攻: 基盤理工学専攻 ｜ ラボガイド番号: Ⅲ類-65 ｜ ラボガイド更新: 2025-07-03 ｜ 出典: https://www.uec.ac.jp/arc/laboguide.html （https://www.uec.ac.jp/arc/assets/labs.json を2026-09-10取得） ｜ 居室出典: 研究室HP https://sites.google.com/view/smslab-muranaka
Ⅲ類（理工系）,物理工学プログラム,森下 亨 研究室,森下 亨,東6号館528,http://power1.pc.uec.ac.jp/~toru/,専攻: 基盤理工学専攻 ｜ ラボガイド番号: Ⅲ類-66 ｜ ラボガイド更新: 2025-07-03 ｜ 出典: https://www.uec.ac.jp/arc/laboguide.html （https://www.uec.ac.jp/arc/assets/labs.json を2026-09-10取得） ｜ 居室出典: 基盤理工学専攻教員紹介 https://www.es.uec.ac.jp/faculty/
Ⅲ類（理工系）,物理工学プログラム,森永 実 研究室,森永 実,西7号館719,http://m.ils.uec.ac.jp/,専攻: 基盤理工学専攻 ｜ ラボガイド番号: Ⅲ類-67 ｜ ラボガイド更新: 2025-07-03 ｜ 出典: https://www.uec.ac.jp/arc/laboguide.html （https://www.uec.ac.jp/arc/assets/labs.json を2026-09-10取得） ｜ 居室出典: 基盤理工学専攻教員紹介 https://www.es.uec.ac.jp/faculty/
Ⅲ類（理工系）,物理工学プログラム,臼井 秀知 研究室,臼井 秀知,東6号館301,https://sites.google.com/view/hidetomo-usui/,専攻: 基盤理工学専攻 ｜ ラボガイド更新: 2026-04-14 ｜ 出典: https://www.uec.ac.jp/arc/laboguide.html （https://www.uec.ac.jp/arc/assets/labs.json を2026-09-10取得） ｜ 居室出典: 研究室HP https://sites.google.com/view/hidetomo-usui/
Ⅲ類（理工系）,化学生命工学プログラム,石田 尚行 研究室,石田 尚行,東6号館819,http://ttf.pc.uec.ac.jp/,専攻: 基盤理工学専攻 ｜ ラボガイド番号: Ⅲ類-68 ｜ ラボガイド更新: 2025-07-03 ｜ 出張講義: Ⅲ類-22／https://docs.google.com/spreadsheets/d/1uJxsIAV9MO5RpW4ZK4avdf7bVvsVnyvn/edit?gid=905872286#gid=905872286&range=A61 ｜ 夢ナビ: https://douga.yumenavi.info/Lecture/PublishDetail/2014225882?back= ｜ 出典: https://www.uec.ac.jp/arc/laboguide.html （https://www.uec.ac.jp/arc/assets/labs.json を2026-09-10取得） ｜ 居室出典: 研究室HP https://ttf.pc.uec.ac.jp/access.html
Ⅲ類（理工系）,化学生命工学プログラム,加固 昌寛 研究室,加固 昌寛,東1号館215,http://www.es.uec.ac.jp/faculty/kako-masahiro/index.html,専攻: 基盤理工学専攻 ｜ ラボガイド番号: Ⅲ類-69 ｜ ラボガイド更新: 2025-07-03 ｜ 出張講義: Ⅲ類-23／https://docs.google.com/spreadsheets/d/1uJxsIAV9MO5RpW4ZK4avdf7bVvsVnyvn/edit?gid=905872286#gid=905872286&range=A62 ｜ 出典: https://www.uec.ac.jp/arc/laboguide.html （https://www.uec.ac.jp/arc/assets/labs.json を2026-09-10取得） ｜ 居室出典: 基盤理工学専攻教員紹介 https://www.es.uec.ac.jp/faculty/
Ⅲ類（理工系）,化学生命工学プログラム,狩野 豊 研究室,狩野 豊,東6号館907,https://sites.google.com/gl.cc.uec.ac.jp/kano/home,専攻: 基盤理工学専攻 ｜ ラボガイド番号: Ⅲ類-70 ｜ ラボガイド更新: 2025-10-15 ｜ 出張講義: Ⅲ類-24／https://docs.google.com/spreadsheets/d/1uJxsIAV9MO5RpW4ZK4avdf7bVvsVnyvn/edit?gid=905872286#gid=905872286&range=A63 ｜ 夢ナビ: https://talk.yumenavi.info/archives/2304?site=d&close=true ｜ VideoUEC: https://www.youtube.com/watch?v=ZCdb5MpbC_U ｜ 出典: https://www.uec.ac.jp/arc/laboguide.html （https://www.uec.ac.jp/arc/assets/labs.json を2026-09-10取得） ｜ 居室出典: 基盤理工学専攻教員紹介 https://www.es.uec.ac.jp/faculty/
Ⅲ類（理工系）,化学生命工学プログラム,北田 昇雄 研究室,北田 昇雄,東6号館837,https://sites.google.com/gl.cc.uec.ac.jp/hiranomakilab,専攻: 基盤理工学専攻 ｜ ラボガイド番号: Ⅲ類-71 ｜ ラボガイド更新: 2025-07-03 ｜ 出張講義: https://docs.google.com/spreadsheets/d/1uJxsIAV9MO5RpW4ZK4avdf7bVvsVnyvn/edit?gid=905872286#gid=905872286&range=A64 ｜ 出典: https://www.uec.ac.jp/arc/laboguide.html （https://www.uec.ac.jp/arc/assets/labs.json を2026-09-10取得） ｜ 居室出典: 研究室HP https://sites.google.com/gl.cc.uec.ac.jp/hiranomakilab/access
Ⅲ類（理工系）,化学生命工学プログラム,白川 英樹 研究室,白川 英樹,東6号館728,http://rainbow.pc.uec.ac.jp/,専攻: 基盤理工学専攻 ｜ ラボガイド番号: Ⅲ類-73 ｜ ラボガイド更新: 2025-07-03 ｜ 出張講義: Ⅲ類-26／https://docs.google.com/spreadsheets/d/1uJxsIAV9MO5RpW4ZK4avdf7bVvsVnyvn/edit?gid=905872286#gid=905872286&range=A65 ｜ VideoUEC: https://www.youtube.com/watch?v=r-Myrx_WsDE ｜ 出典: https://www.uec.ac.jp/arc/laboguide.html （https://www.uec.ac.jp/arc/assets/labs.json を2026-09-10取得） ｜ 居室出典: 基盤理工学専攻教員紹介 https://www.es.uec.ac.jp/faculty/
Ⅲ類（理工系）,化学生命工学プログラム,瀧 真清 研究室,瀧 真清,東6号館821,https://tkl.pc.uec.ac.jp/,専攻: 基盤理工学専攻 ｜ ラボガイド番号: Ⅲ類-75 ｜ ラボガイド更新: 2025-07-15 ｜ 出典: https://www.uec.ac.jp/arc/laboguide.html （https://www.uec.ac.jp/arc/assets/labs.json を2026-09-10取得） ｜ 居室出典: 研究室HP https://tkl.pc.uec.ac.jp/
Ⅲ類（理工系）,化学生命工学プログラム,田仲 真紀子 研究室,田仲 真紀子,東6号館726,http://www.mtanaka.lab.uec.ac.jp/,専攻: 基盤理工学専攻 ｜ ラボガイド番号: Ⅲ類-76 ｜ ラボガイド更新: 2025-07-03 ｜ 出典: https://www.uec.ac.jp/arc/laboguide.html （https://www.uec.ac.jp/arc/assets/labs.json を2026-09-10取得） ｜ 居室出典: 基盤理工学専攻教員紹介 https://www.es.uec.ac.jp/faculty/
Ⅲ類（理工系）,化学生命工学プログラム,中根 大介 研究室,中根 大介,西2号館413,https://nakane-lab.amebaownd.com/,専攻: 基盤理工学専攻 ｜ ラボガイド番号: Ⅲ類-77 ｜ ラボガイド更新: 2025-10-16 ｜ 出張講義: Ⅲ類-27／https://docs.google.com/spreadsheets/d/1uJxsIAV9MO5RpW4ZK4avdf7bVvsVnyvn/edit?gid=905872286#gid=905872286&range=A66 ｜ 夢ナビ: https://douga.yumenavi.info/Lecture/PublishDetail/2024004266 ｜ VideoUEC: https://www.youtube.com/watch?v=T6uv6RpZQ3Q&t=1832s／https://www.youtube.com/watch?v=v73dCWQDeRY ｜ 追加URL: https://ugokuimi.com/ ｜ 出典: https://www.uec.ac.jp/arc/laboguide.html （https://www.uec.ac.jp/arc/assets/labs.json を2026-09-10取得） ｜ 居室出典: 基盤理工学専攻教員紹介 https://www.es.uec.ac.jp/faculty/
Ⅲ類（理工系）,化学生命工学プログラム,仲村 厚志 研究室,仲村 厚志,東6号館639,http://kaeru.pc.uec.ac.jp/,専攻: 基盤理工学専攻 ｜ ラボガイド番号: Ⅲ類-78 ｜ ラボガイド更新: 2025-07-03 ｜ 出張講義: Ⅲ類-28、29／https://docs.google.com/spreadsheets/d/1uJxsIAV9MO5RpW4ZK4avdf7bVvsVnyvn/edit?gid=905872286#gid=905872286&range=A67／https://docs.google.com/spreadsheets/d/1uJxsIAV9MO5RpW4ZK4avdf7bVvsVnyvn/edit?gid=905872286#gid=905872286&range=A68 ｜ VideoUEC: https://www.youtube.com/shorts/b9f8l6xyvqA ｜ 追加URL: https://twitter.com/NakamuraLab_uec／https://www.uec.ac.jp/research/information/opal-ring/0000747.html ｜ 出典: https://www.uec.ac.jp/arc/laboguide.html （https://www.uec.ac.jp/arc/assets/labs.json を2026-09-10取得） ｜ 居室出典: 研究室HP https://kaeru.pc.uec.ac.jp/contact.html
Ⅲ類（理工系）,化学生命工学プログラム,平田 修造 研究室,平田 修造,東6号館635,https://uec-hirata.net/jp/,専攻: 基盤理工学専攻 ｜ ラボガイド番号: Ⅲ類-79 ｜ ラボガイド更新: 2025-07-03 ｜ 出典: https://www.uec.ac.jp/arc/laboguide.html （https://www.uec.ac.jp/arc/assets/labs.json を2026-09-10取得） ｜ 居室出典: 研究室HP https://uec-hirata.net/jp/
Ⅲ類（理工系）,化学生命工学プログラム,平野 誉 研究室,平野 誉,東6号館828,http://www.firefly.pc.uec.ac.jp/,専攻: 基盤理工学専攻 ｜ ラボガイド番号: Ⅲ類-80 ｜ ラボガイド更新: 2025-07-03 ｜ 出張講義: Ⅲ類-30／https://docs.google.com/spreadsheets/d/1uJxsIAV9MO5RpW4ZK4avdf7bVvsVnyvn/edit?gid=905872286#gid=905872286&range=A69 ｜ 夢ナビ: https://yumenavi.info/vue/lecture.html?University=V&SearchMod=4&SerKbn=3&ProId=WNF026&Page=1&GNKCD=g005625&KeyWord=%E9%9B%BB%E6%B0%97%E9%80%9A%E4%BF%A1%E5%A4%A7%E5%AD%A6&back=&CLGAKOCD=033840&mxorder=&gakubunm=&gakkanm=&From=portal／https://yumenavi.info/vue/lecture.html?University=V&SearchMod=4&SerKbn=3&ProId=WNF026&Page=1&GNKCD=g005626&KeyWord=%E9%9B%BB%E6%B0%97%E9%80%9A%E4%BF%A1%E5%A4%A7%E5%AD%A6&back=&CLGAKOCD=033840&mxorder=&gakubunm=&gakkanm=&From=portal ｜ 出典: https://www.uec.ac.jp/arc/laboguide.html （https://www.uec.ac.jp/arc/assets/labs.json を2026-09-10取得） ｜ 居室出典: 基盤理工学専攻教員紹介 https://www.es.uec.ac.jp/faculty/
Ⅲ類（理工系）,化学生命工学プログラム,星野 太佑 研究室,星野 太佑,東6号館908,https://sites.google.com/view/dhoshinolab/home,専攻: 基盤理工学専攻 ｜ ラボガイド番号: Ⅲ類-81 ｜ ラボガイド更新: 2025-07-03 ｜ 出張講義: Ⅲ類-31／https://docs.google.com/spreadsheets/d/1uJxsIAV9MO5RpW4ZK4avdf7bVvsVnyvn/edit?gid=905872286#gid=905872286&range=A70 ｜ 出典: https://www.uec.ac.jp/arc/laboguide.html （https://www.uec.ac.jp/arc/assets/labs.json を2026-09-10取得） ｜ 居室出典: 研究室HP https://sites.google.com/view/dhoshinolab/contact
Ⅲ類（理工系）,化学生命工学プログラム,牧 昌次郎 研究室,牧 昌次郎,東6号館827,http://www.firefly.pc.uec.ac.jp/,専攻: 基盤理工学専攻 ｜ ラボガイド番号: Ⅲ類-82 ｜ ラボガイド更新: 2025-07-03 ｜ 出張講義: Ⅲ類-32／https://docs.google.com/spreadsheets/d/1uJxsIAV9MO5RpW4ZK4avdf7bVvsVnyvn/edit?gid=905872286#gid=905872286&range=A71 ｜ 出典: https://www.uec.ac.jp/arc/laboguide.html （https://www.uec.ac.jp/arc/assets/labs.json を2026-09-10取得） ｜ 居室出典: 基盤理工学専攻教員紹介 https://www.es.uec.ac.jp/faculty/
Ⅲ類（理工系）,化学生命工学プログラム,松田 信爾 研究室,松田 信爾,東6号館716,http://www.matsuda-lab.es.uec.ac.jp/,専攻: 基盤理工学専攻 ｜ ラボガイド番号: Ⅲ類-83 ｜ ラボガイド更新: 2025-07-03 ｜ 出張講義: Ⅲ類-33／https://docs.google.com/spreadsheets/d/1uJxsIAV9MO5RpW4ZK4avdf7bVvsVnyvn/edit?gid=905872286#gid=905872286&range=A72 ｜ 夢ナビ: https://douga.yumenavi.info/Lecture/PublishDetail/2023003186?back= ｜ VideoUEC: https://www.youtube.com/watch?v=yFs-TSBXmb4／https://www.youtube.com/shorts/W38J9VlMQrc ｜ 出典: https://www.uec.ac.jp/arc/laboguide.html （https://www.uec.ac.jp/arc/assets/labs.json を2026-09-10取得） ｜ 居室出典: 研究室HP https://www.matsuda-lab.es.uec.ac.jp/access.html
Ⅲ類（理工系）,化学生命工学プログラム,三輪 寛子 研究室,三輪 寛子,東6号館305,,専攻: 基盤理工学専攻 ｜ ラボガイド番号: Ⅲ類 ｜ ラボガイド更新: 2025-07-18 ｜ 出張講義: https://docs.google.com/spreadsheets/d/1uJxsIAV9MO5RpW4ZK4avdf7bVvsVnyvn/edit?gid=905872286#gid=905872286&range=A76 ｜ ラボガイドに研究室URLなし ｜ 出典: https://www.uec.ac.jp/arc/laboguide.html （https://www.uec.ac.jp/arc/assets/labs.json を2026-09-10取得） ｜ 居室出典: 基盤理工学専攻教員紹介 https://www.es.uec.ac.jp/faculty/
Ⅲ類（理工系）,化学生命工学プログラム,山北 佳宏 研究室,山北 佳宏,東1号館113,https://qpcrbk.es.uec.ac.jp/,専攻: 基盤理工学専攻 ｜ ラボガイド番号: Ⅲ類-85 ｜ ラボガイド更新: 2025-09-24 ｜ 出張講義: Ⅲ類-34／https://docs.google.com/spreadsheets/d/1uJxsIAV9MO5RpW4ZK4avdf7bVvsVnyvn/edit?gid=905872286#gid=905872286&range=A73 ｜ VideoUEC: https://qpcrbk.es.uec.ac.jp/Open%20Campus%202020.mp4 ｜ 追加URL: https://miraibook.jp/researcher/k23367/ ｜ 出典: https://www.uec.ac.jp/arc/laboguide.html （https://www.uec.ac.jp/arc/assets/labs.json を2026-09-10取得） ｜ 居室出典: 研究室HP https://qpcrbk.es.uec.ac.jp/
